DENV2/MALAYSIA/DKD811/2008	DENV2_SYLVATIC
DENV2/MALAYSIA/P81407/1970	DENV2_SYLVATIC
DENV2/SENEGAL/0674/1970	DENV2_SYLVATIC
DENV2/SENEGAL/DAKAR0761/1974	DENV2_SYLVATIC
DENV2/NIGERIA/IBH11234/1966	DENV2_SYLVATIC
DENV2/NIGERIA/IBH11664/1966	DENV2_SYLVATIC
DENV2/NIGERIA/IBH11208/1966	DENV2_SYLVATIC
DENV2/SENEGAL/DAKARD75505/1999	DENV2_SYLVATIC
DENV2/SENEGAL/DAKAR141069/1999	DENV2_SYLVATIC
DENV2/SENEGAL/DAKAR141070/1999	DENV2_SYLVATIC
DENV2/GUINEA/PM33974/1981	DENV2_SYLVATIC
DENV2/BURKINA_FASO/DAKAR2039/1980	DENV2_SYLVATIC
DENV2/COTE_D_IVOIRE/DAKAR578/1980	DENV2_SYLVATIC
DENV2/COTE_D_IVOIRE/DAKAR510/1980	DENV2_SYLVATIC
DENV2/INDONESIA/1183DN/1977	DENV2_AMERICAN
DENV2/PUERTO_RICO/BIDV3367/1969	DENV2_AMERICAN
DENV2/USA/DENRCG/1988	DENV2_AMERICAN
DENV2/PUERTO_RICO/PUERTORICO/1969	DENV2_AMERICAN
DENV2/PUERTO_RICO/159/1969	DENV2_AMERICAN
DENV2/PERU/IQT2913/1996	DENV2_AMERICAN
DENV2/COLOMBIA/I348600/1986	DENV2_AMERICAN
DENV2/COLOMBIA/BIDV3358/1986	DENV2_AMERICAN
DENV2/HONDURAS/BIDV2945/1984	DENV2_AMERICAN
DENV2/MEXICO/BIDV3355/1983	DENV2_AMERICAN
DENV2/MEXICO/BIDV3354/1983	DENV2_AMERICAN
DENV2/VENEZUELA/BIDV3366/1987	DENV2_AMERICAN
DENV2/VENEZUELA/N2/1987	DENV2_AMERICAN
DENV2/MEXICO/QR/1994	DENV2_AMERICAN
DENV/COSTA_RICA/B/1994	DENV2_AMERICAN
DENV/MEXICO/A/1995	DENV2_AMERICAN
DENV2/MEXICO/BIDV3356/1992	DENV2_AMERICAN
DENV2/MEXICO/131/1992	DENV2_AMERICAN
DENV2/PUERTO_RICO/1328/1977	DENV2_AMERICAN
DENV2/NEW_CALEDONIA/UH97/1972	DENV2_AMERICAN
DENV2/FIJI/UH21/1971	DENV2_AMERICAN
DENV2/FIJI/UH22/1971	DENV2_AMERICAN
DENV2/AMERICAN_SAMOA/UH77/1972	DENV2_AMERICAN
DENV2/TONGA/DELTA30/1974	DENV2_AMERICAN
DENV2/TONGA/UH16/1974	DENV2_AMERICAN
DENV2/FIJI/UH40/1971	DENV2_AMERICAN
DENV2/FRENCH_POLYNESIA/UH50/1972	DENV2_AMERICAN
DENV2/FRENCH_POLYNESIA/UH00/1973	DENV2_AMERICAN
DENV2/AMERICAN_SAMOA/UH73/1972	DENV2_AMERICAN
DENV2/NEW_CALEDONIA/UH37/1971	DENV2_AMERICAN
DENV2/INDIA/D5394/1971	DENV2_AMERICAN
DENV2/INDIA/NIV5396/1971	DENV2_AMERICAN
DENV2/INDIA/NIV3332/1967	DENV2_AMERICAN
DENV2/INDIA/NIV553/1964	DENV2_AMERICAN
DENV2/INDIA/NIV3347/1980	DENV2_AMERICAN
DENV2/INDIA/347/1980	DENV2_AMERICAN
DENV2/INDIA/NIVP8640/1956	DENV2_AMERICAN
DENV2/INDIA/DP23085/1960	DENV2_AMERICAN
DENV2/INDIA/P23085DI60/2007	DENV2_AMERICAN
DENV2/INDIA/NIVP23085/1960	DENV2_AMERICAN
DENV2/INDIA/DIA/1957	DENV2_AMERICAN
DENV2/INDIA/NIVP9122/1957	DENV2_AMERICAN
DENV2/INDIA/NIV412/1964	DENV2_AMERICAN
DENV2/INDIA/NIV37/1963	DENV2_AMERICAN
DENV2/INDIA/NIV430/1964	DENV2_AMERICAN
DENV2/INDIA/742295/1974	DENV2_COSMOPOLITAN
DENV2/SEYCHELLES/NA/1977	DENV2_COSMOPOLITAN
DENV2/SRI_LANKA/SRILANKA/1990	DENV2_COSMOPOLITAN
DENV2/INDIA/NIV6584/1991	DENV2_COSMOPOLITAN
DENV2/INDIA/IDA/2003	DENV2_COSMOPOLITAN
DENV2/SRI_LANKA/BIDV2416/1996	DENV2_COSMOPOLITAN
DENV2/INDIA/NIV315/1993	DENV2_COSMOPOLITAN
DENV2/INDIA/RGCB880/2010	DENV2_COSMOPOLITAN
DENV2/INDIA/1392/2009	DENV2_COSMOPOLITAN
DENV2/INDIA/ILBS12/2015	DENV2_COSMOPOLITAN
DENV2/INDIA/ILBS03/2015	DENV2_COSMOPOLITAN
DENV2/INDIA/ILBS02/2015	DENV2_COSMOPOLITAN
DENV2/INDIA/NIV12383/1990	DENV2_COSMOPOLITAN
DENV2/INDIA/NIV455/1995	DENV2_COSMOPOLITAN
DENV2/INDIA/NIV833/1997	DENV2_COSMOPOLITAN
DENV2/INDIA/NIV1294/2004	DENV2_COSMOPOLITAN
DENV2/SAUDI_ARABIA/1001/1994	DENV2_COSMOPOLITAN
DENV2/SAUDI_ARABIA/206/1994	DENV2_COSMOPOLITAN
DENV2/SAUDI_ARABIA/1071/1994	DENV2_COSMOPOLITAN
DENV2/SAUDI_ARABIA/6765/2004	DENV2_COSMOPOLITAN
DENV2/PAKISTAN/51/2008	DENV2_COSMOPOLITAN
DENV2/INDIA/2197DHULEMH/1994	DENV2_COSMOPOLITAN
DENV2/INDIA/5336HISSARHR/1996	DENV2_COSMOPOLITAN
DENV2/CHINA/FJ10/2000	DENV2_COSMOPOLITAN
DENV2/CHINA/FJ11/1999	DENV2_COSMOPOLITAN
DENV2/INDIA/NIV12778/1992	DENV2_COSMOPOLITAN
DENV2/INDIA/2201DHULEMH/1994	DENV2_COSMOPOLITAN
DENV2/INDIA/D9201/1996	DENV2_COSMOPOLITAN
DENV2/SRI_LANKA/BIDV2421/2003	DENV2_COSMOPOLITAN
DENV2/SRI_LANKA/BIDV2422/2004	DENV2_COSMOPOLITAN
DENV2/PAKISTAN/NA/2010	DENV2_COSMOPOLITAN
DENV2/PAKISTAN/3/2011	DENV2_COSMOPOLITAN
DENV2/PAKISTAN/55/2008	DENV2_COSMOPOLITAN
DENV2/PAKISTAN/78/2009	DENV2_COSMOPOLITAN
DENV2/SAUDI_ARABIA/JEDDAH/2014	DENV2_COSMOPOLITAN
DENV2/PAKISTAN/2/2009	DENV2_COSMOPOLITAN
DENV2/PAKISTAN/NA/2013	DENV2_COSMOPOLITAN
DENV2/PAKISTAN/23/2011	DENV2_COSMOPOLITAN
DENV2/PAKISTAN/4/2011	DENV2_COSMOPOLITAN
DENV2/PAKISTAN/A2/2011	DENV2_COSMOPOLITAN
DENV2/PAKISTAN/A1/2011	DENV2_COSMOPOLITAN
DENV2/PAKISTAN/NA/2011	DENV2_COSMOPOLITAN
DENV2/PAKISTAN/SWAT01/2013	DENV2_COSMOPOLITAN
DENV2/PAKISTAN/SWAT02/2013	DENV2_COSMOPOLITAN
DENV2/INDIA/GWL18DI/2001	DENV2_COSMOPOLITAN
DENV2/INDIA/GWL39DI/2001	DENV2_COSMOPOLITAN
DENV2/BANGLADESH/H29/2009	DENV2_COSMOPOLITAN
DENV2/INDIA/BIDV2961/2006	DENV2_COSMOPOLITAN
DENV2/BANGLADESH/H127/2007	DENV2_COSMOPOLITAN
DENV2/BANGLADESH/H64/2008	DENV2_COSMOPOLITAN
DENV2/BANGLADESH/H17/2009	DENV2_COSMOPOLITAN
DENV2/BANGLADESH/H86/2008	DENV2_COSMOPOLITAN
DENV2/BANGLADESH/H83/2006	DENV2_COSMOPOLITAN
DENV2/BANGLADESH/H21/2006	DENV2_COSMOPOLITAN
DENV2/BANGLADESH/H54/2008	DENV2_COSMOPOLITAN
DENV2/INDIA/2627/2006	DENV2_COSMOPOLITAN
DENV2/INDIA/GWL228DI/2001	DENV2_COSMOPOLITAN
DENV2/INDIA/OD2112/2011	DENV2_COSMOPOLITAN
DENV2/INDIA/3458DIA/2013	DENV2_COSMOPOLITAN
DENV2/INDIA/RGCB92/2011	DENV2_COSMOPOLITAN
DENV2/IRELAND/43493IRL/2011	DENV2_COSMOPOLITAN
DENV2/CHINA/92911/2015	DENV2_COSMOPOLITAN
DENV2/CHINA/101812/2015	DENV2_COSMOPOLITAN
DENV2/CHINA/102919/2015	DENV2_COSMOPOLITAN
DENV2/CHINA/GZHAIZHU60/2015	DENV2_COSMOPOLITAN
DENV2/CHINA/GZHAIZHU3/2015	DENV2_COSMOPOLITAN
DENV2/CHINA/GZHAIZHU6/2015	DENV2_COSMOPOLITAN
DENV2/CHINA/GZHAIZHU49/2015	DENV2_COSMOPOLITAN
DENV2/CHINA/GZHAIZHU42/2015	DENV2_COSMOPOLITAN
DENV2/INDONESIA/1127DN/1976	DENV2_COSMOPOLITAN
DENV2/SOMALIA/MALIA/1984	DENV2_COSMOPOLITAN
DENV2/SOMALIA/DB123/2011	DENV2_COSMOPOLITAN
DENV2/SOMALIA/DB124/2011	DENV2_COSMOPOLITAN
DENV2/BURKINA_FASO/BURKINAFO/1983	DENV2_COSMOPOLITAN
DENV2/BURKINA_FASO/1349/1983	DENV2_COSMOPOLITAN
DENV2/BURKINA_FASO/BIDV3502/1986	DENV2_COSMOPOLITAN
DENV2/BURKINA_FASO/ARA6894/1986	DENV2_COSMOPOLITAN
DENV2/GHANA/F32/2005	DENV2_COSMOPOLITAN
DENV2/BURKINA_FASO/BURKINAFONIID125/2016	DENV2_COSMOPOLITAN
DENV2/BURKINA_FASO/7754691/2016	DENV2_COSMOPOLITAN
DENV2/BURKINA_FASO/7869191/2016	DENV2_COSMOPOLITAN
DENV2/INDONESIA/1023DN/1975	DENV2_COSMOPOLITAN
DENV2/MALAYSIA/10340/1997	DENV2_COSMOPOLITAN
DENV2/FRENCH_POLYNESIA/130219164/1996	DENV2_COSMOPOLITAN
DENV2/FRENCH_POLYNESIA/2959/1996	DENV2_COSMOPOLITAN
DENV2/FRENCH_POLYNESIA/27014747/1997	DENV2_COSMOPOLITAN
DENV2/FRENCH_POLYNESIA/0706672/1997	DENV2_COSMOPOLITAN
DENV2/FRENCH_POLYNESIA/300243158/1996	DENV2_COSMOPOLITAN
DENV2/NEW_CALEDONIA/060854/1997	DENV2_COSMOPOLITAN
DENV2/FRENCH_POLYNESIA/33066/1996	DENV2_COSMOPOLITAN
DENV2/NEW_CALEDONIA/4755/1996	DENV2_COSMOPOLITAN
DENV2/FRENCH_POLYNESIA/2102153/1997	DENV2_COSMOPOLITAN
DENV2/NEW_CALEDONIA/0301110/1997	DENV2_COSMOPOLITAN
DENV2/FRENCH_POLYNESIA/030184181/1997	DENV2_COSMOPOLITAN
DENV2/NEW_CALEDONIA/1658/1997	DENV2_COSMOPOLITAN
DENV2/NEW_CALEDONIA/1204106/1998	DENV2_COSMOPOLITAN
DENV2/NEW_CALEDONIA/1704138/1998	DENV2_COSMOPOLITAN
DENV2/NEW_CALEDONIA/06057/1998	DENV2_COSMOPOLITAN
DENV2/NEW_CALEDONIA/1704141/1998	DENV2_COSMOPOLITAN
DENV2/NEW_CALEDONIA/07074/1998	DENV2_COSMOPOLITAN
DENV2/NEW_CALEDONIA/0208/1999	DENV2_COSMOPOLITAN
DENV2/NEW_CALEDONIA/01496/1997	DENV2_COSMOPOLITAN
DENV2/FRENCH_POLYNESIA/150105/1998	DENV2_COSMOPOLITAN
DENV2/NEW_CALEDONIA/0301985/1999	DENV2_COSMOPOLITAN
DENV2/NEW_CALEDONIA/1202056/1999	DENV2_COSMOPOLITAN
DENV2/INDONESIA/N044/2010	DENV2_COSMOPOLITAN
DENV2/INDONESIA/N051/2010	DENV2_COSMOPOLITAN
DENV2/INDONESIA/N045/2010	DENV2_COSMOPOLITAN
DENV2/INDONESIA/N047/2010	DENV2_COSMOPOLITAN
DENV2/TAIWAN/21910912/2002	DENV2_COSMOPOLITAN
DENV2/TAIWAN/14210716/2002	DENV2_COSMOPOLITAN
DENV2/TAIWAN/19450818/2002	DENV2_COSMOPOLITAN
DENV2/CHINA/ZS/2001	DENV2_COSMOPOLITAN
DENV2/CHINA/GD/2001	DENV2_COSMOPOLITAN
DENV2/CHINA/GD19/2001	DENV2_COSMOPOLITAN
DENV2/CHINA/ZJ02/2010	DENV2_COSMOPOLITAN
DENV2/MICRONESIA/21018132/2011	DENV2_COSMOPOLITAN
DENV2/MICRONESIA/YPDB106/2011	DENV2_COSMOPOLITAN
DENV2/FIJI/FIDB179/2014	DENV2_COSMOPOLITAN
DENV2/FIJI/FIDB173/2014	DENV2_COSMOPOLITAN
DENV2/FIJI/FIDB180/2014	DENV2_COSMOPOLITAN
DENV2/FRENCH_POLYNESIA/13013/2017	DENV2_COSMOPOLITAN
DENV2/FRENCH_POLYNESIA/13014/2017	DENV2_COSMOPOLITAN
DENV2/FRENCH_POLYNESIA/14020/2017	DENV2_COSMOPOLITAN
DENV2/AUSTRALIA/TSV01/1993	DENV2_COSMOPOLITAN
DENV2/CHINA/GD01/2003	DENV2_COSMOPOLITAN
DENV2/CHINA/GD06/1993	DENV2_COSMOPOLITAN
DENV2/CHINA/GD09/1993	DENV2_COSMOPOLITAN
DENV2/SINGAPORE/NUHA0001/2013	DENV2_COSMOPOLITAN
DENV2/INDONESIA/N04/2010	DENV2_COSMOPOLITAN
DENV2/INDONESIA/N050/2010	DENV2_COSMOPOLITAN
DENV2/INDONESIA/JKTAD001A/2013	DENV2_COSMOPOLITAN
DENV2/SINGAPORE/09423/2014	DENV2_COSMOPOLITAN
DENV2/INDONESIA/CN18/2014	DENV2_COSMOPOLITAN
DENV2/INDONESIA/N025/2010	DENV2_COSMOPOLITAN
DENV2/INDONESIA/N020/2010	DENV2_COSMOPOLITAN
DENV2/MALAYSIA/32883/2004	DENV2_COSMOPOLITAN
DENV2/GUAM/BIDV2950/2001	DENV2_COSMOPOLITAN
DENV2/MALAYSIA/22563/2000	DENV2_COSMOPOLITAN
DENV2/SINGAPORE/Y98PPP1/2009	DENV2_COSMOPOLITAN
DENV2/IRELAND/03996IRL/2011	DENV2_COSMOPOLITAN
DENV2/SINGAPORE/20800/2011	DENV2_COSMOPOLITAN
DENV2/CHINA/4070/2014	DENV2_COSMOPOLITAN
DENV2/CHINA/ZH1340/2008	DENV2_COSMOPOLITAN
DENV2/CHINA/ZH4132/2012	DENV2_COSMOPOLITAN
DENV2/CHINA/GDZS00D/2014	DENV2_COSMOPOLITAN
DENV2/SINGAPORE/09087/2015	DENV2_COSMOPOLITAN
DENV2/SINGAPORE/NUHMDCVARIANT/2016	DENV2_COSMOPOLITAN
DENV2/SRI_LANKA/SRILANKANIID34/2017	DENV2_COSMOPOLITAN
DENV2/SRI_LANKA/SRILANKANIID33/2017	DENV2_COSMOPOLITAN
DENV2/MALAYSIA/TM132/2014	DENV2_COSMOPOLITAN
DENV2/MALAYSIA/TM38/2014	DENV2_COSMOPOLITAN
DENV2/MALAYSIA/TM213/2014	DENV2_COSMOPOLITAN
DENV2/AUSTRALIA/QML16/2015	DENV2_COSMOPOLITAN
DENV2/PHILIPPINES/CN77/2015	DENV2_COSMOPOLITAN
DENV2/INDONESIA/N075/2011	DENV2_COSMOPOLITAN
DENV2/INDONESIA/N100/2012	DENV2_COSMOPOLITAN
DENV2/INDONESIA/MKS2018/2008	DENV2_COSMOPOLITAN
DENV2/INDONESIA/MKS2032/2008	DENV2_COSMOPOLITAN
DENV2/MALAYSIA/32618/2004	DENV2_COSMOPOLITAN
DENV2/JAPAN/MALDIVES77NIID/2008	DENV2_COSMOPOLITAN
DENV2/CHINA/D07035/2007	DENV2_COSMOPOLITAN
DENV2/CHINA/GZ2572001/2005	DENV2_COSMOPOLITAN
DENV2/TANZANIA/6478/2014	DENV2_COSMOPOLITAN
DENV2/TANZANIA/K2RIJ059DARESSALAAM/2014	DENV2_COSMOPOLITAN
DENV2/CHINA/GZ574/2014	DENV2_COSMOPOLITAN
DENV2/CHINA/GZ05/2014	DENV2_COSMOPOLITAN
DENV2/VIETNAM/A064/2009	DENV2_COSMOPOLITAN
DENV2/VIETNAM/BIDV735/2006	DENV2_COSMOPOLITAN
DENV2/INDONESIA/MKSWS79A/2010	DENV2_COSMOPOLITAN
DENV2/INDONESIA/MKSWS80/2010	DENV2_COSMOPOLITAN
DENV2/INDONESIA/NIID24/2015	DENV2_COSMOPOLITAN
DENV2/INDONESIA/SMGSE001/2012	DENV2_COSMOPOLITAN
DENV2/CHINA/GZ40/2010	DENV2_COSMOPOLITAN
DENV2/CHINA/GZ32/2010	DENV2_COSMOPOLITAN
DENV2/INDONESIA/MKS0084/2007	DENV2_COSMOPOLITAN
DENV2/MALAYSIA/33054/2004	DENV2_COSMOPOLITAN
DENV2/SINGAPORE/1158/2008	DENV2_COSMOPOLITAN
DENV2/SINGAPORE/0099/2007	DENV2_COSMOPOLITAN
DENV2/SINGAPORE/15575/2011	DENV2_COSMOPOLITAN
DENV2/SINGAPORE/25528/2011	DENV2_COSMOPOLITAN
DENV2/SINGAPORE/10927/2011	DENV2_COSMOPOLITAN
DENV2/SINGAPORE/DC710/2012	DENV2_COSMOPOLITAN
DENV2/SINGAPORE/20306/2011	DENV2_COSMOPOLITAN
DENV2/SINGAPORE/DC621/2012	DENV2_COSMOPOLITAN
DENV2/PAPUA_NEW_GUINEA/CN10/2013	DENV2_COSMOPOLITAN
DENV2/INDONESIA/MKS0417/2007	DENV2_COSMOPOLITAN
DENV2/PAPUA_NEW_GUINEA/A/2010	DENV2_COSMOPOLITAN
DENV2/AUSTRALIA/TULLY/2010	DENV2_COSMOPOLITAN
DENV2/AUSTRALIA/CAIRNS/2004	DENV2_COSMOPOLITAN
DENV2/AUSTRALIA/TORRESSTRAIT/2003	DENV2_COSMOPOLITAN
DENV2/PAPUA_NEW_GUINEA/D/2010	DENV2_COSMOPOLITAN
DENV2/AUSTRALIA/CAIRNS/2006	DENV2_COSMOPOLITAN
DENV2/INDONESIA/MKS0412/2007	DENV2_COSMOPOLITAN
DENV2/INDONESIA/MKS0297/2007	DENV2_COSMOPOLITAN
DENV2/INDONESIA/MKSWS73/2010	DENV2_COSMOPOLITAN
DENV2/INDONESIA/N035/2010	DENV2_COSMOPOLITAN
DENV2/TAIWAN/NA/1987	DENV2_ASIANII
DENV2/TAIWAN/DB116/1987	DENV2_ASIANII
DENV2/TAIWAN/929PT81APL046/1981	DENV2_ASIANII
DENV2/TAIWAN/PL046/2005	DENV2_ASIANII
DENV2/INDONESIA/1022DN/1975	DENV2_ASIANII
DENV2/CHINA/SZ/2015	DENV2_ASIANII
DENV2/AUSTRALIA/NEWGUINEACPUO218HYBRID/1997	DENV2_ASIANII
DENV2/PAPUANEWGUINEA/NEWGUINEAC/1944	DENV2_ASIANII
DENV2/PAPUA_NEW_GUINEA/CGA/1988	DENV2_ASIANII
DENV2/PAPUA_NEW_GUINEA/BIDV2618/2008	DENV2_ASIANII
DENV/NEPAL/885/2013	DENV2_ASIANII
DENV/NEPAL/679/2013	DENV2_ASIANII
DENV/NEPAL/798/2013	DENV2_ASIANII
DENV2/CHINA/43/1987	DENV2_ASIANII
DENV2/COLOMBIA/BIDV1599/1944	DENV2_ASIANII
DENV2/CHINA/44/1989	DENV2_ASIANII
DENV2/USA/BIDV5411/2006	DENV2_ASIANII
DENV2/USA/BIDV5414/2009	DENV2_ASIANII
DENV2/USA/BIDV5412/2007	DENV2_ASIANII
DENV2/USA/GW6/2014	DENV2_ASIANII
DENV2/USA/BIDV5413/2009	DENV2_ASIANII
DENV2/USA/BIDV5055/2008	DENV2_ASIANII
DENV2/USA/BIDV4825/2010	DENV2_ASIANII
DENV2/USA/BIDV4824/2009	DENV2_ASIANII
DENV2/THAILAND/REFERENCE/1964	DENV2_ASIANI
DENV2/THAILAND/PDK53/1983	DENV2_ASIANI
DENV2/THAILAND/16681PDK53/1983	DENV2_ASIANI
DENV2/THAILAND/16681/1964	DENV2_ASIANI
DENV2/THAILAND/0038/1974	DENV2_ASIANI
DENV2/THAILAND/BANGKOK/1974	DENV2_ASIANI
DENV2/THAILAND/S16803/1974	DENV2_ASIANI
DENV2/THAILAND/0144/1977	DENV2_ASIANI
DENV2/THAILAND/0299/1979	DENV2_ASIANI
DENV2/THAILAND/0158/1980	DENV2_ASIANI
DENV2/THAILAND/0498/1984	DENV2_ASIANI
DENV2/THAILAND/0168/1979	DENV2_ASIANI
DENV2/THAILAND/0014/1979	DENV2_ASIANI
DENV2/THAILAND/0015/1984	DENV2_ASIANI
DENV2/THAILAND/0433/1985	DENV2_ASIANI
DENV2/THAILAND/0270/1984	DENV2_ASIANI
DENV2/THAILAND/0021/1986	DENV2_ASIANI
DENV2/THAILAND/0026/1988	DENV2_ASIANI
DENV2/THAILAND/NH7/1993	DENV2_ASIANI
DENV2/THAILAND/0055/1999	DENV2_ASIANI
DENV2/CHINA/GD08/1998	DENV2_ASIANI
DENV2/CHINA/GD05/1998	DENV2_ASIANI
DENV2/THAILAND/NH55/1993	DENV2_ASIANI
DENV2/CAMBODIA/BIDV3924/2008	DENV2_ASIANI
DENV2/CAMBODIA/BIDV4265/2007	DENV2_ASIANI
DENV2/THAILAND/BIDV2299/2001	DENV2_ASIANI
DENV2/CAMBODIA/D2T0601085/2009	DENV2_ASIANI
DENV2/VIETNAM/A089/2009	DENV2_ASIANI
DENV2/CHINA/MLDENV/2009	DENV2_ASIANI
DENV2/CHINA/RL236/2013	DENV2_ASIANI
DENV2/MYANMAR/RL230/2013	DENV2_ASIANI
DENV2/MYANMAR/RL231/2013	DENV2_ASIANI
DENV2/CHINA/YNPE2/2013	DENV2_ASIANI
DENV2/MYANMAR/RL26/2013	DENV2_ASIANI
DENV2/MYANMAR/RL28/2013	DENV2_ASIANI
DENV2/MYANMAR/RL189/2013	DENV2_ASIANI
DENV2/MYANMAR/RL233/2013	DENV2_ASIANI
DENV2/MYANMAR/RL143/2013	DENV2_ASIANI
DENV2/AUSTRALIA/KURANDA/2002	DENV2_ASIANI
DENV2/VIETNAM/FG6448/2009	DENV2_ASIANI
DENV2/VIETNAM/A087/2009	DENV2_ASIANI
DENV2/VIETNAM/A034/2009	DENV2_ASIANI
DENV2/TAIWAN/802KH1108C/2011	DENV2_ASIANI
DENV2/IRELAND/080388IRL/2010	DENV2_ASIANI
DENV2/VIETNAM/A006/2009	DENV2_ASIANI
DENV2/VIETNAM/FG6019/2008	DENV2_ASIANI
DENV2/VIETNAM/FG6429/2009	DENV2_ASIANI
DENV2/VIETNAM/FG6275/2009	DENV2_ASIANI
DENV2/VIETNAM/FG6284/2008	DENV2_ASIANI
DENV2/VIETNAM/FG6229/2008	DENV2_ASIANI
DENV2/VIETNAM/FG6307/2009	DENV2_ASIANI
DENV2/VIETNAM/FG6339/2009	DENV2_ASIANI
DENV2/THAILAND/0284/1990	DENV2_ASIANAMERICAN
DENV2/CHINA/04/1985	DENV2_ASIANAMERICAN
DENV2/TAIWAN/704TN0510A/2005	DENV2_ASIANAMERICAN
DENV2/VIETNAM/AC20/2003	DENV2_ASIANAMERICAN
DENV2/VIETNAM/AC21/2003	DENV2_ASIANAMERICAN
DENV2/VIETNAM/MD861/2002	DENV2_ASIANAMERICAN
DENV2/VIETNAM/404/1999	DENV2_ASIANAMERICAN
DENV2/VIETNAM/BIDV2947/1988	DENV2_ASIANAMERICAN
DENV/JAMAICA/95/1983	DENV2_ASIANAMERICAN
DENV2/JAMAICA/N1409/1983	DENV2_ASIANAMERICAN
DENV2/PUERTO_RICO/BIDV1163/1986	DENV2_ASIANAMERICAN
DENV2/PUERTO_RICO/BIDV1174/1987	DENV2_ASIANAMERICAN
DENV2/PUERTO_RICO/BIDV1164/1986	DENV2_ASIANAMERICAN
DENV2/PUERTO_RICO/BIDV851/1990	DENV2_ASIANAMERICAN
DENV2/PUERTO_RICO/17DN/1995	DENV2_ASIANAMERICAN
DENV2/PUERTO_RICO/47DN/1994	DENV2_ASIANAMERICAN
DENV2/PUERTO_RICO/BIDV1175/1988	DENV2_ASIANAMERICAN
DENV2/PUERTO_RICO/BIDV1183/1990	DENV2_ASIANAMERICAN
DENV2/PUERTO_RICO/BIDV1188/1990	DENV2_ASIANAMERICAN
DENV2/PUERTO_RICO/BIDV685/1988	DENV2_ASIANAMERICAN
DENV2/PUERTO_RICO/BIDV1176/1988	DENV2_ASIANAMERICAN
DENV/PUERTO_RICO/42/1991	DENV2_ASIANAMERICAN
DENV/PUERTO_RICO/38/1991	DENV2_ASIANAMERICAN
DENV2/PUERTO_RICO/BIDV1179/1989	DENV2_ASIANAMERICAN
DENV2/PUERTO_RICO/BIDV1178/1989	DENV2_ASIANAMERICAN
DENV2/PUERTO_RICO/BIDV1060/1989	DENV2_ASIANAMERICAN
DENV2/VENEZUELA/BIDV3497/1991	DENV2_ASIANAMERICAN
DENV2/SPAIN/BIDV3368/1998	DENV2_ASIANAMERICAN
DENV2/VENEZUELA/MARA4/1990	DENV2_ASIANAMERICAN
DENV/COLOMBIA/LA/1993	DENV2_ASIANAMERICAN
DENV2/VENEZUELA/BIDV3365/1991	DENV2_ASIANAMERICAN
DENV2/VENEZUELA/BIDV3364/1991	DENV2_ASIANAMERICAN
DENV2/BRAZIL/87086PE/2002	DENV2_ASIANAMERICAN
DENV2/BRAZIL/48578CE/1994	DENV2_ASIANAMERICAN
DENV2/BRAZIL/48622CE/1994	DENV2_ASIANAMERICAN
DENV2/BRAZIL/3337PE/1995	DENV2_ASIANAMERICAN
DENV2/BRAZIL/3275PE/1995	DENV2_ASIANAMERICAN
DENV2/BRAZIL/3311PE/1995	DENV2_ASIANAMERICAN
DENV2/BRAZIL/57135PE/1999	DENV2_ASIANAMERICAN
DENV2/PERU/NFI52/2002	DENV2_ASIANAMERICAN
DENV2/PERU/FSL699/2002	DENV2_ASIANAMERICAN
DENV2/BRAZIL/47913PE/1998	DENV2_ASIANAMERICAN
DENV2/BRAZIL/51347PE/1998	DENV2_ASIANAMERICAN
DENV2/PERU/FMD1337/2007	DENV2_ASIANAMERICAN
DENV2/PERU/FMD2303/2009	DENV2_ASIANAMERICAN
DENV2/USA/BIDV2948/1990	DENV2_ASIANAMERICAN
DENV2/PUERTO_RICO/27DN/1994	DENV2_ASIANAMERICAN
DENV2/PUERTO_RICO/BIDV1427/1999	DENV2_ASIANAMERICAN
DENV2/PUERTO_RICO/BIDV1409/1997	DENV2_ASIANAMERICAN
DENV2/PUERTO_RICO/BIDV1408/1997	DENV2_ASIANAMERICAN
DENV2/PUERTO_RICO/BIDV1464/2000	DENV2_ASIANAMERICAN
DENV2/PUERTO_RICO/BIDV1461/2000	DENV2_ASIANAMERICAN
DENV2/PUERTO_RICO/BIDV1463/2000	DENV2_ASIANAMERICAN
DENV2/PUERTO_RICO/BIDV1467/2001	DENV2_ASIANAMERICAN
DENV2/PUERTO_RICO/BIDV591/2002	DENV2_ASIANAMERICAN
DENV2/PUERTO_RICO/BIDV592/2002	DENV2_ASIANAMERICAN
DENV2/PUERTO_RICO/BIDV1431/2004	DENV2_ASIANAMERICAN
DENV2/PUERTO_RICO/BIDV1484/2003	DENV2_ASIANAMERICAN
DENV2/PUERTO_RICO/BIDV1487/2003	DENV2_ASIANAMERICAN
DENV2/PUERTO_RICO/BIDV1486/2003	DENV2_ASIANAMERICAN
DENV2/PUERTO_RICO/BIDV593/2005	DENV2_ASIANAMERICAN
DENV2/PUERTO_RICO/BIDV1435/2004	DENV2_ASIANAMERICAN
DENV2/PUERTO_RICO/BIDV1045/2005	DENV2_ASIANAMERICAN
DENV2/PUERTO_RICO/BIDV1411/2007	DENV2_ASIANAMERICAN
DENV2/PUERTO_RICO/BIDV1434/2004	DENV2_ASIANAMERICAN
DENV2/PUERTO_RICO/BIDV1440/2005	DENV2_ASIANAMERICAN
DENV2/PUERTO_RICO/BIDV1036/2006	DENV2_ASIANAMERICAN
DENV2/PUERTO_RICO/BIDV1031/2006	DENV2_ASIANAMERICAN
DENV2/PUERTO_RICO/BIDV1087/1991	DENV2_ASIANAMERICAN
DENV2/FRENCH_GUIANA/FGUJUN/1997	DENV2_ASIANAMERICAN
DENV2/FRENCH_GUIANA/FGUFEV/1998	DENV2_ASIANAMERICAN
DENV2/FRENCH_GUIANA/FGUAUG/1998	DENV2_ASIANAMERICAN
DENV2/FRENCH_GUIANA/FGUOCT/2005	DENV2_ASIANAMERICAN
DENV2/FRENCH_GUIANA/FGUAPR/2002	DENV2_ASIANAMERICAN
DENV2/FRENCH_GUIANA/FGUDEC/2001	DENV2_ASIANAMERICAN
DENV2/COLOMBIA/428702TOLIMA/2014	DENV2_ASIANAMERICAN
DENV2/FRENCH_GUIANA/FGUFEB/1993	DENV2_ASIANAMERICAN
DENV2/VENEZUELA/61154/2007	DENV2_ASIANAMERICAN
DENV2/COSTA_RICA/DB017/2003	DENV2_ASIANAMERICAN
DENV2/SPAIN/BIDV3375/2007	DENV2_ASIANAMERICAN
DENV2/COLOMBIA/434321META/2014	DENV2_ASIANAMERICAN
DENV/COLOMBIA/450024ILA/2015	DENV2_ASIANAMERICAN
DENV2/SPAIN/BIDV3369/1999	DENV2_ASIANAMERICAN
DENV2/VENEZUELA/BIDV1457/1996	DENV2_ASIANAMERICAN
DENV2/MEXICO/BIDV7542/2007	DENV2_ASIANAMERICAN
DENV2/BELIZE/BIDV2952/2002	DENV2_ASIANAMERICAN
DENV2/GUATEMALA/GUFDAGUA/2009	DENV2_ASIANAMERICAN
DENV2/NICARAGUA/BIDV3227/2008	DENV2_ASIANAMERICAN
DENV2/NICARAGUA/BIDV2596/2006	DENV2_ASIANAMERICAN
DENV2/NICARAGUA/BIDV1225/2007	DENV2_ASIANAMERICAN
DENV2/NICARAGUA/BIDV2921/1999	DENV2_ASIANAMERICAN
DENV2/NICARAGUA/BIDV1755/2007	DENV2_ASIANAMERICAN
DENV2/NICARAGUA/BIDV2599/2006	DENV2_ASIANAMERICAN
DENV2/NICARAGUA/BIDV571/2006	DENV2_ASIANAMERICAN
DENV2/SPAIN/BIDV2666/2000	DENV2_ASIANAMERICAN
DENV2/SPAIN/BIDV2344/2000	DENV2_ASIANAMERICAN
DENV2/SPAIN/BIDV2346/2000	DENV2_ASIANAMERICAN
DENV2/NICARAGUA/BIDV2674/2001	DENV2_ASIANAMERICAN
DENV2/NICARAGUA/BIDV2675/2002	DENV2_ASIANAMERICAN
DENV2/NICARAGUA/BIDV3076/2001	DENV2_ASIANAMERICAN
DENV2/NICARAGUA/BIDV2657/2000	DENV2_ASIANAMERICAN
DENV2/NICARAGUA/BIDV2683/1999	DENV2_ASIANAMERICAN
DENV2/MEXICO/BIDV3771/2003	DENV2_ASIANAMERICAN
DENV2/MEXICO/CAM7786/2002	DENV2_ASIANAMERICAN
DENV2/MEXICO/OAX1038/2005	DENV2_ASIANAMERICAN
DENV2/MEXICO/BIDV2954/2002	DENV2_ASIANAMERICAN
DENV2/SPAIN/BIDV2361/2001	DENV2_ASIANAMERICAN
DENV2/NICARAGUA/BIDV2673/2001	DENV2_ASIANAMERICAN
DENV2/NICARAGUA/BIDV2362/2000	DENV2_ASIANAMERICAN
DENV2/NICARAGUA/BIDV2658/2000	DENV2_ASIANAMERICAN
DENV2/NICARAGUA/BIDV533/2005	DENV2_ASIANAMERICAN
DENV2/NICARAGUA/BIDV645/2005	DENV2_ASIANAMERICAN
DENV2/PUERTO_RICO/BIDV1428/1999	DENV2_ASIANAMERICAN
DENV2/FRENCH_GUIANA/FGUMAY/1999	DENV2_ASIANAMERICAN
DENV2/CUBA/BA165/1997	DENV2_ASIANAMERICAN
DENV2/MARTINIQUE/IMTSSAMART703/1998	DENV2_ASIANAMERICAN
DENV2/PUERTO_RICO/DB190/2013	DENV2_ASIANAMERICAN
DENV2/PUERTO_RICO/BIDV1413/2007	DENV2_ASIANAMERICAN
DENV2/MARTINIQUE/MARSEP/2005	DENV2_ASIANAMERICAN
DENV2/MARTINIQUE/MARJUN/2005	DENV2_ASIANAMERICAN
DENV2/MARTINIQUE/MAROCT/2005	DENV2_ASIANAMERICAN
DENV2/GUADELOUPE/GUASEP/2006	DENV2_ASIANAMERICAN
DENV2/MARTINIQUE/MARNOV/2005	DENV2_ASIANAMERICAN
DENV2/MARTINIQUE/MARAUG/2005	DENV2_ASIANAMERICAN
DENV2/DOMINICAN_REPUBLIC/DR59/2001	DENV2_ASIANAMERICAN
DENV2/DOMINICAN_REPUBLIC/DR23/2001	DENV2_ASIANAMERICAN
DENV2/USA/BIDV2960/2005	DENV2_ASIANAMERICAN
DENV2/SURINAME/OCT/2005	DENV2_ASIANAMERICAN
DENV2/SURINAME/AUG/2005	DENV2_ASIANAMERICAN
DENV2/BRAZIL/SJRP350/2008	DENV2_ASIANAMERICAN
DENV/BRAZIL/SJRP350/2008	DENV2_ASIANAMERICAN
DENV2/FRENCH_GUIANA/FGUMAR/2006	DENV2_ASIANAMERICAN
DENV2/FRENCH_GUIANA/FGUAPR1/2006	DENV2_ASIANAMERICAN
DENV2/GUADELOUPE/GUAOCT/2006	DENV2_ASIANAMERICAN
DENV2/FRENCH_GUIANA/FGUAPR2/2006	DENV2_ASIANAMERICAN
DENV2/JAPAN/JAMAICA77NIID/2007	DENV2_ASIANAMERICAN
DENV2/JAMAICA/JADB021/2008	DENV2_ASIANAMERICAN
DENV2/JAMAICA/BIDV2963/2007	DENV2_ASIANAMERICAN
DENV2/BRAZIL/DGV34/2010	DENV2_ASIANAMERICAN
DENV2/BRAZIL/ACS538/2010	DENV2_ASIANAMERICAN
DENV2/BRAZIL/DGV106/2010	DENV2_ASIANAMERICAN
DENV2/BRAZIL/DGV69/2010	DENV2_ASIANAMERICAN
DENV2/HAITI/HOMOSAPIENS0078/2014	DENV2_ASIANAMERICAN
DENV2/BRAZIL/SJRP869/2013	DENV2_ASIANAMERICAN
DENV2/BRAZIL/SJRP327/2006	DENV2_ASIANAMERICAN
DENV2/BRAZIL/SJRP572/2012	DENV2_ASIANAMERICAN
DENV2/BRAZIL/SJRP567/2012	DENV2_ASIANAMERICAN
DENV/BRAZIL/SJRP327/2006	DENV2_ASIANAMERICAN
DENV/BRAZIL/SJRP5412011/2012	DENV2_ASIANAMERICAN
DENV/BRAZIL/SJRP585/2012	DENV2_ASIANAMERICAN
DENV/BRAZIL/SJRP575/2012	DENV2_ASIANAMERICAN
DENV/BRAZIL/SJRP5402011/2012	DENV2_ASIANAMERICAN
DENV/BRAZIL/SJRP5672011/2012	DENV2_ASIANAMERICAN
DENV/BRAZIL/SJRP570/2012	DENV2_ASIANAMERICAN
DENV/BRAZIL/SJRP573/2012	DENV2_ASIANAMERICAN
DENV/BRAZIL/SJRP5652011/2012	DENV2_ASIANAMERICAN
DENV2/BRAZIL/DGV91/2010	DENV2_ASIANAMERICAN
DENV2/BRAZIL/ACS380/2010	DENV2_ASIANAMERICAN
DENV2/BRAZIL/BR161/2004	DENV2_ASIANAMERICAN
DENV2/BRAZIL/SJRP2298/2014	DENV2_ASIANAMERICAN
DENV/BRAZIL/SJRP2298/2014	DENV2_ASIANAMERICAN
DENV2/USA/HOMOSAPIENSUF1GAINESVILLE/2016	DENV2_ASIANAMERICAN
DENV/BRAZIL/SJPR393/2011	DENV2_ASIANAMERICAN
DENV2/PERU/FPI0492/2011	DENV2_ASIANAMERICAN
DENV2/PERU/FPI0120/2011	DENV2_ASIANAMERICAN
DENV2/PERU/FPI1617/2011	DENV2_ASIANAMERICAN
DENV2/PERU/FPI01695/2011	DENV2_ASIANAMERICAN
DENV2/PERU/FPY00016/2010	DENV2_ASIANAMERICAN
DENV2/PERU/FPI01345/2011	DENV2_ASIANAMERICAN
DENV2/PERU/FPI01851/2011	DENV2_ASIANAMERICAN
DENV2/PERU/IDA108/2011	DENV2_ASIANAMERICAN
DENV2/PERU/FPI1049/2011	DENV2_ASIANAMERICAN
DENV2/PERU/FPI0191/2011	DENV2_ASIANAMERICAN
DENV2/PERU/IQA2080/2010	DENV2_ASIANAMERICAN
DENV2/PERU/FPI00174/2011	DENV2_ASIANAMERICAN
DENV2/PERU/NFI1159/2010	DENV2_ASIANAMERICAN
DENV2/PERU/FPI01399/2011	DENV2_ASIANAMERICAN
DENV2/PERU/IQA2042/2010	DENV2_ASIANAMERICAN
DENV2/PERU/IQA1995/2010	DENV2_ASIANAMERICAN
DENV2/PERU/FPI01777/2011	DENV2_ASIANAMERICAN
DENV2/PERU/FPI00154/2010	DENV2_ASIANAMERICAN
DENV4/MALAYSIA/P731120/1973	DENV4_SYLVATIC
DENV4/MALAYSIA/P215/1975	DENV4_SYLVATIC
DENV4/INDIA/NIV1319/1961	DENV4_I
DENV4/INDIA/DIAG11337/1961	DENV4_I
DENV4/INDIA/NIV235/1962	DENV4_I
DENV4/INDIA/000/1962	DENV4_I
DENV4/INDIA/NIV41291/1965	DENV4_I
DENV4/INDIA/NIV41292/1965	DENV4_I
DENV4/PAKISTAN/I5/2014	DENV4_I
DENV4/INDIA/NIV4021/1965	DENV4_I
DENV4/AUSTRALIA/TOWNSVILLE/2005	DENV4_I
DENV4/MICRONESIA/MCDB043/1995	DENV4_I
DENV4/CHINA/GD09/1990	DENV4_I
DENV4/CHINA/B5/2000	DENV4_I
DENV4/PHILIPPINES/H241P/1956	DENV4_I
DENV4/CHINA/ZJ02/2013	DENV4_I
DENV4/PHILIPPINES/BIDV3361/1956	DENV4_I
DENV4/PHILIPPINES/H241/1956	DENV4_I
DENV4/THAILAND/0087/1977	DENV4_I
DENV4/THAILAND/D85052/1985	DENV4_I
DENV4/SRI_LANKA/NO17SRILANKA/1978	DENV4_I
DENV4/SINGAPORE/25178/2011	DENV4_I
DENV4/THAILAND/0348/1991	DENV4_I
DENV4/MYANMAR/RL196/2013	DENV4_I
DENV4/CHINA/YNDGR35/2015	DENV4_I
DENV4/CHINA/YNDGR9/2015	DENV4_I
DENV4/CAMBODIA/NA/2010	DENV4_I
DENV4/CAMBODIA/V0624301/2011	DENV4_I
DENV4/CAMBODIA/AC33/2011	DENV4_I
DENV4/INDIA/NIV36/1979	DENV4_I
DENV4/INDIA/6/1979	DENV4_I
DENV/INDIA/VCRC01/2010	DENV4_I
DENV4/INDIA/LLMD233RGCB/2012	DENV4_I
DENV4/INDIA/LLMD236RGCB/2012	DENV4_I
DENV4/INDIA/LLMD231RGCB/2012	DENV4_I
DENV4/INDIA/ND110/2007	DENV4_I
DENV4/INDIA/D52326/2009	DENV4_I
DENV4/INDIA/UOH23916/2015	DENV4_I
DENV/INDIA/UOH1677/2014	DENV4_I
DENV/SRI_LANKA/SL723CSRILANKA101/2013	DENV4_I
DENV/SRI_LANKA/SL657CSRILANKA975/2012	DENV4_I
DENV/SRI_LANKA/SL768CSRILANKA211/2013	DENV4_I
DENV/SRI_LANKA/SL2428GSRILANKA764/2012	DENV4_I
DENV/SRI_LANKA/SL2320GSRILANKA679/2012	DENV4_I
DENV/SRI_LANKA/SL2450GSRILANKA786/2012	DENV4_I
DENV/SRI_LANKA/SL6CSRILANKA822/2012	DENV4_I
DENV/SRI_LANKA/SL588CSRILANKA381/2012	DENV4_I
DENV/SRI_LANKA/SL2310GSRILANKA663/2012	DENV4_I
DENV/SRI_LANKA/SL747CSRILANKA142/2013	DENV4_I
DENV/SRI_LANKA/SL2544GSRILANKA879/2012	DENV4_I
DENV/SRI_LANKA/SL684CSRILANKA041/2013	DENV4_I
DENV/SRI_LANKA/SL637CSRILANKA89/2012	DENV4_I
DENV/SRI_LANKA/SL595CSRILANKA603/2012	DENV4_I
DENV/SRI_LANKA/SL2590GSRILANKA921/2012	DENV4_I
DENV/SRI_LANKA/SL2136GSRILANKA567/2012	DENV4_I
DENV/SRI_LANKA/SL319CSRILANKA641/2012	DENV4_I
DENV/SRI_LANKA/SL560CSRILANKA773/2012	DENV4_I
DENV/SRI_LANKA/SL520CSRILANKA375/2012	DENV4_I
DENV4/FRENCH_POLYNESIA/5918/1982	DENV4_II
DENV/INDONESIA/NA/1976	DENV4_II
DENV/SENEGAL/DAKARHD34460/1953	DENV4_II
DENV4/THAILAND/VIROAF8/2006	DENV4_II
DENV4/DOMINICA/814669DELTA30/1981	DENV4_II
DENV4/USA/2ADEL30/2000	DENV4_II
DENV4/DOMINICA/AF375822/1981	DENV4_II
DENV4/DOMINICAN_REPUBLIC/DENSTRA/1981	DENV4_II
DENV4/USA/RDEL30/2000	DENV4_II
DENV4/COLOMBIA/341750/1982	DENV4_II
DENV4/BRAZIL/TVP986/1982	DENV4_II
DENV4/BRAZIL/AMG240/2009	DENV4_II
DENV4/BRAZIL/ROR/1982	DENV4_II
DENV4/COLOMBIA/TVP376/1982	DENV4_II
DENV4/SPAIN/BIDV1600/1997	DENV4_II
DENV4/FRENCH_POLYNESIA/323103/1985	DENV4_II
DENV4/FRENCH_POLYNESIA/6074/1983	DENV4_II
DENV4/FRENCH_POLYNESIA/131188/1984	DENV4_II
DENV4/FRENCH_POLYNESIA/5070/1986	DENV4_II
DENV4/FRENCH_POLYNESIA/197/1987	DENV4_II
DENV4/FRENCH_POLYNESIA/13074/1988	DENV4_II
DENV4/COSTA_RICA/A/1993	DENV4_II
DENV4/NICARAGUA/703/1999	DENV4_II
DENV4/GUADELOUPE/GUAFWIDEC/2004	DENV4_II
DENV4/FRENCH_GUIANA/FGUOCT/2004	DENV4_II
DENV4/FRENCH_GUIANA/FGUFEV/2005	DENV4_II
DENV4/MARTINIQUE/MARFWIAUG/2004	DENV4_II
DENV4/FRENCH_GUIANA/FGUFEV/1995	DENV4_II
DENV4/FRENCH_GUIANA/FGUJUN/1995	DENV4_II
DENV4/FRENCH_GUIANA/FGUDEC/1993	DENV4_II
DENV4/FRENCH_GUIANA/FGUMAR/1994	DENV4_II
DENV4/FRENCH_GUIANA/FGUSEP1/1994	DENV4_II
DENV4/FRENCH_GUIANA/FGUJUN/1994	DENV4_II
DENV4/BRAZIL/STN31/2010	DENV4_II
DENV4/MARTINIQUE/MARFWIDEC/2004	DENV4_II
DENV4/HAITI/0324/2014	DENV4_II
DENV4/HAITI/MRS6169642904/2014	DENV4_II
DENV4/PUERTO_RICO/ARC33/2013	DENV4_II
DENV4/PUERTO_RICO/ARC1/2013	DENV4_II
DENV4/BRAZIL/ROR7591/2010	DENV4_II
DENV4/BRAZIL/ROR7542/2010	DENV4_II
DENV4/BRAZIL/ROR7357/2010	DENV4_II
DENV4/BRAZIL/ROR7363/2010	DENV4_II
DENV4/BRAZIL/ROR7465/2010	DENV4_II
DENV4/BRAZIL/ROR7365/2010	DENV4_II
DENV4/BRAZIL/SERUM44/2012	DENV4_II
DENV4/BRAZIL/3603RJ/2012	DENV4_II
DENV4/BRAZIL/GUSP0507/2013	DENV4_II
DENV4/BRAZIL/GUSP1137/2013	DENV4_II
DENV4/BRAZIL/GUSP1167/2013	DENV4_II
DENV4/BRAZIL/1128RJ/2012	DENV4_II
DENV4/BRAZIL/005AM/2011	DENV4_II
DENV4/BRAZIL/GUSP1139/2013	DENV4_II
DENV4/BRAZIL/GUSP0486/2013	DENV4_II
DENV4/BRAZIL/GUSP1077/2013	DENV4_II
DENV4/BRAZIL/GUSP0604/2013	DENV4_II
DENV4/BRAZIL/GUSP1067/2013	DENV4_II
DENV4/BRAZIL/GUSP1103/2013	DENV4_II
DENV4/BRAZIL/GUSP1085/2013	DENV4_II
DENV4/BRAZIL/GUSP1161/2013	DENV4_II
DENV4/BRAZIL/GUSP1184/2013	DENV4_II
DENV4/BRAZIL/246RR/2010	DENV4_II
DENV4/BRAZIL/SJRP556/2012	DENV4_II
DENV4/BRAZIL/SERUM35/2012	DENV4_II
DENV4/BRAZIL/SERUM33/2012	DENV4_II
DENV4/BRAZIL/NA/2012	DENV4_II
DENV4/BRAZIL/LRV422/2013	DENV4_II
DENV4/BRAZIL/SJRP610/2013	DENV4_II
DENV4/BRAZIL/SJRP580/2012	DENV4_II
DENV4/BRAZIL/SERUM27/2012	DENV4_II
DENV4/BRAZIL/SERUM84/2012	DENV4_II
DENV4/BRAZIL/SERUM53/2012	DENV4_II
DENV4/BRAZIL/SERUM91/2012	DENV4_II
DENV4/CHINA/42/1978	DENV4_II
DENV4/CHINA/56/1978	DENV4_II
DENV4/CHINA/GD07/1978	DENV4_II
DENV4/INDONESIA/AC36/1973	DENV4_II
DENV4/INDONESIA/S1228/1978	DENV4_II
DENV4/CHINA/GZ9809/2012	DENV4_II
DENV4/PHILIPPINES/CN08/2014	DENV4_II
DENV4/ITALY/12489/2015	DENV4_II
DENV4/INDONESIA/N06/2011	DENV4_II
DENV4/SINGAPORE/46870/2011	DENV4_II
DENV4/SINGAPORE/310A129C/2010	DENV4_II
DENV4/SINGAPORE/310A129S/2010	DENV4_II
DENV4/JAPAN/INDIANIID482009/2015	DENV4_II
DENV4/INDONESIA/MKS0033/2007	DENV4_II
DENV4/CHINA/GZ30/2010	DENV4_II
DENV4/CHINA/GZ1D4/2010	DENV4_II
DENV4/CHINA/GUANGZHOU660/2010	DENV4_II
DENV4/AUSTRALIA/CAIRNS/2002	DENV4_II
DENV4/NEW_CALEDONIA/200409/2008	DENV4_II
DENV4/INDONESIA/N006/2010	DENV4_II
DENV4/MARSHALL_ISLANDS/RMIDB104/2011	DENV4_II
DENV4/INDONESIA/CN27/2015	DENV4_II
DENV4/SINGAPORE/64816/2011	DENV4_II
DENV4/SINGAPORE/09291/2016	DENV4_II
DENV4/SINGAPORE/04645/2016	DENV4_II
DENV4/AUSTRALIA/TORRESSTRAIT/2005	DENV4_II
DENV4/AMERICAN_SAMOA/SAMOA/2008	DENV4_II
DENV4/SOLOMON_ISLANDS/SOLOMON12ATW/2007	DENV4_II
DENV4/NEW_CALEDONIA/0209266/2009	DENV4_II
DENV4/FRENCH_POLYNESIA/26067/2010	DENV4_II
DENV4/FRENCH_POLYNESIA/30048/2010	DENV4_II
DENV4/FRENCH_POLYNESIA/019/2010	DENV4_II
DENV4/FRENCH_POLYNESIA/15028/2010	DENV4_II
DENV4/FRENCH_POLYNESIA/190238/2009	DENV4_II
DENV4/FRENCH_POLYNESIA/15091/2009	DENV4_II
DENV4/FRENCH_POLYNESIA/200131/2009	DENV4_II
DENV4/NEW_CALEDONIA/04014123/2009	DENV4_II
DENV4/NEW_CALEDONIA/4525/2008	DENV4_II
DENV4/NEW_CALEDONIA/0501413/2009	DENV4_II
DENV4/NEW_CALEDONIA/4975/2008	DENV4_II
DENV4/NEW_CALEDONIA/014518/2009	DENV4_II
DENV4/FRENCH_POLYNESIA/NC160136/2009	DENV4_II
DENV4/NEW_CALEDONIA/2608181/2009	DENV4_II
DENV4/NEW_CALEDONIA/070104/2009	DENV4_II
DENV4/NEW_CALEDONIA/08014179/2009	DENV4_II
DENV4/NEW_CALEDONIA/28012231/2009	DENV4_II
DENV4/NEW_CALEDONIA/25013516/2009	DENV4_II
DENV4/NEW_CALEDONIA/29013617/2009	DENV4_II
DENV4/NEW_CALEDONIA/04014363/2009	DENV4_II
DENV4/NEW_CALEDONIA/0304453/2009	DENV4_II
DENV4/NEW_CALEDONIA/24014448/2009	DENV4_II
DENV4/NEW_CALEDONIA/08010092/2009	DENV4_II
DENV4/NEW_CALEDONIA/04013717/2009	DENV4_II
DENV4/FRENCH_POLYNESIA/13016/2010	DENV4_II
DENV4/NEW_CALEDONIA/1706652/2009	DENV4_II
DENV4/FRENCH_POLYNESIA/29069/2009	DENV4_II
DENV4/FRENCH_POLYNESIA/27074/2009	DENV4_II
DENV4/FRENCH_POLYNESIA/08093/2009	DENV4_II
DENV4/FRENCH_POLYNESIA/230126/2009	DENV4_II
DENV4/FRENCH_POLYNESIA/120125/2009	DENV4_II
DENV4/FRENCH_POLYNESIA/08023/2009	DENV4_II
DENV4/FRENCH_POLYNESIA/032/2010	DENV4_II
DENV4/FRENCH_POLYNESIA/19098/2010	DENV4_II
DENV4/FRENCH_POLYNESIA/230116/2009	DENV4_II
DENV4/FRENCH_POLYNESIA/24038/2009	DENV4_II
DENV4/FRENCH_POLYNESIA/06096/2009	DENV4_II
DENV4/FRENCH_POLYNESIA/100172/2009	DENV4_II
DENV4/FRENCH_POLYNESIA/111/2009	DENV4_II
DENV4/FRENCH_POLYNESIA/21011/2009	DENV4_II
DENV4/FRENCH_POLYNESIA/032/2009	DENV4_II
DENV4/FRENCH_POLYNESIA/040242/2009	DENV4_II
DENV4/FRENCH_POLYNESIA/170192/2010	DENV4_II
DENV4/FRENCH_POLYNESIA/02015/2010	DENV4_II
DENV4/FRENCH_POLYNESIA/16017/2010	DENV4_II
DENV4/FRENCH_POLYNESIA/17092/2010	DENV4_II
DENV4/FRENCH_POLYNESIA/170191/2010	DENV4_II
DENV4/FRENCH_POLYNESIA/0283/2009	DENV4_II
DENV4/FRENCH_POLYNESIA/050117/2010	DENV4_II
DENV4/FRENCH_POLYNESIA/19058/2009	DENV4_II
DENV4/FRENCH_POLYNESIA/050/2009	DENV4_II
DENV4/FRENCH_POLYNESIA/0131/2009	DENV4_II
DENV4/FRENCH_POLYNESIA/12031/2010	DENV4_II
DENV4/FRENCH_POLYNESIA/0215/2010	DENV4_II
DENV4/FRENCH_POLYNESIA/06011/2010	DENV4_II
DENV3/PUERTO_RICO/PUERTORICO/1963	DENV3_IV
DENV3/PUERTO_RICO/S228762/1963	DENV3_IV
DENV3/THAILAND/AILAND/1962	DENV3_II
DENV3/THAILAND/CH53489/1973	DENV3_II
DENV3/INDIA/BIDV2417/1984	DENV3_II
DENV3/THAILAND/AILAND/1986	DENV3_II
DENV3/THAILAND/0010/1987	DENV3_II
DENV3/THAILAND/0007/1987	DENV3_II
DENV3/THAILAND/C0331/1994	DENV3_II
DENV3/AUSTRALIA/CAIRNS/1998	DENV3_II
DENV3/CAMBODIA/BIDV2074/2001	DENV3_II
DENV3/MALAYSIA/25850/2002	DENV3_II
DENV3/TAIWAN/358/1998	DENV3_II
DENV3/THAILAND/KDH0010A/2010	DENV3_II
DENV3/CHINA/GZ10476/2012	DENV3_II
DENV3/CHINA/DTIDZJU04/2009	DENV3_II
DENV3/VIETNAM/BIDV1329/2006	DENV3_II
DENV3/VIETNAM/BIDV1817/2007	DENV3_II
DENV3/THAILAND/44/1983	DENV3_II
DENV3/THAILAND/PYTHIUM/2014	DENV3_II
DENV3/CHINA/HN22/2013	DENV3_II
DENV3/CHINA/YNMN1302/2013	DENV3_II
DENV3/CHINA/JH919/2013	DENV3_II
DENV3/CHINA/YNJH88/2013	DENV3_II
DENV3/BANGLADESH/MUTANT03/2002	DENV3_II
DENV3/BANGLADESH/1/2002	DENV3_II
DENV3/BANGLADESH/7/2002	DENV3_II
DENV3/BANGLADESH/H62/2008	DENV3_II
DENV3/BANGLADESH/H67/2008	DENV3_II
DENV3/BANGLADESH/H136/2007	DENV3_II
DENV3/BANGLADESH/H113/2006	DENV3_II
DENV3/BANGLADESH/H72/2008	DENV3_II
DENV3/BANGLADESH/H41/2006	DENV3_II
DENV3/BANGLADESH/H140/2007	DENV3_II
DENV3/USA/A3798/1963	DENV3_V
DENV3/PHILIPPINES/H87/1956	DENV3_V
DENV3/CHINA/2/1980	DENV3_V
DENV3/TAIWAN/739079A/2004	DENV3_I
DENV3/AUSTRALIA/TOWNSVILLE/2006	DENV3_I
DENV3/TAIWAN/813KH9408A/1994	DENV3_I
DENV3/TAIWAN/466/1995	DENV3_I
DENV3/INDONESIA/NA/1985	DENV3_I
DENV3/MALAYSIA/21531/1999	DENV3_I
DENV3/INDONESIA/MKS0057/2007	DENV3_I
DENV3/INDONESIA/MKS3000/2008	DENV3_I
DENV3/SOLOMON_ISLANDS/SAL1FM/2013	DENV3_I
DENV3/SOLOMON_ISLANDS/SAL3DM/2013	DENV3_I
DENV3/MALAYSIA/22447/2000	DENV3_I
DENV3/INDONESIA/JKTAD001B/2013	DENV3_I
DENV3/INDONESIA/10225/2016	DENV3_I
DENV3/INDONESIA/SMGSE052/2012	DENV3_I
DENV3/INDONESIA/SMGSE005/2012	DENV3_I
DENV3/MALAYSIA/22460/2000	DENV3_I
DENV3/INDONESIA/N056/2010	DENV3_I
DENV3/SINGAPORE/23167/2015	DENV3_I
DENV3/AUSTRALIA/CAIRNS/2008	DENV3_I
DENV3/CHINA/40/2014	DENV3_I
DENV3/INDONESIA/SLEMAN/1978	DENV3_I
DENV3/INDONESIA/SLEMANDELTA30/1978	DENV3_I
DENV3/FRENCH_POLYNESIA/3050/1990	DENV3_I
DENV3/NEW_CALEDONIA/060283/1989	DENV3_I
DENV3/NEW_CALEDONIA/150514/1989	DENV3_I
DENV3/NEW_CALEDONIA/2404147/1989	DENV3_I
DENV3/FRENCH_POLYNESIA/11010122/1989	DENV3_I
DENV3/NEW_CALEDONIA/1573/1989	DENV3_I
DENV3/FRENCH_POLYNESIA/MARQ356/1989	DENV3_I
DENV3/FRENCH_POLYNESIA/27643/1989	DENV3_I
DENV3/FRENCH_POLYNESIA/3056/1990	DENV3_I
DENV3/FRENCH_POLYNESIA/6056/1990	DENV3_I
DENV3/FIJI/29472/1992	DENV3_I
DENV3/AMERICAN_SAMOA/BIDV2973/1995	DENV3_I
DENV3/AMERICAN_SAMOA/SADB036/1995	DENV3_I
DENV3/COOK_ISLANDS/BIDV2972/1991	DENV3_I
DENV3/COOK_ISLANDS/DB030/1991	DENV3_I
DENV3/FRENCH_POLYNESIA/3228/1992	DENV3_I
DENV3/FRENCH_POLYNESIA/24020510/1990	DENV3_I
DENV3/FRENCH_POLYNESIA/320219/1989	DENV3_I
DENV3/FRENCH_POLYNESIA/2956/1992	DENV3_I
DENV3/FRENCH_POLYNESIA/1804956/1991	DENV3_I
DENV3/FRENCH_POLYNESIA/2986/1992	DENV3_I
DENV3/FRENCH_POLYNESIA/09022130/1991	DENV3_I
DENV3/FRENCH_POLYNESIA/11022349/1993	DENV3_I
DENV3/FRENCH_POLYNESIA/200110185/1993	DENV3_I
DENV3/FRENCH_POLYNESIA/0303429/1994	DENV3_I
DENV3/FRENCH_POLYNESIA/040124111/1994	DENV3_I
DENV3/FRENCH_POLYNESIA/136116/1994	DENV3_I
DENV3/FRENCH_POLYNESIA/010331/1995	DENV3_I
DENV3/FRENCH_POLYNESIA/ISLV61132/1996	DENV3_I
DENV3/FRENCH_POLYNESIA/19020064/1995	DENV3_I
DENV3/FRENCH_POLYNESIA/15046183/1996	DENV3_I
DENV3/FRENCH_POLYNESIA/IDV24881/1996	DENV3_I
DENV3/FRENCH_POLYNESIA/04024881/1996	DENV3_I
DENV3/NEW_CALEDONIA/1703750/1995	DENV3_I
DENV3/NEW_CALEDONIA/240418/1995	DENV3_I
DENV3/NEW_CALEDONIA/4631/1996	DENV3_I
DENV3/NEW_CALEDONIA/0204306/1996	DENV3_I
DENV3/NEW_CALEDONIA/4690/1996	DENV3_I
DENV3/NEW_CALEDONIA/230409/1995	DENV3_I
DENV3/NEW_CALEDONIA/4026/1995	DENV3_I
DENV3/NEW_CALEDONIA/4197/1995	DENV3_I
DENV3/NEW_CALEDONIA/1403742/1995	DENV3_I
DENV3/NEW_CALEDONIA/2804282/1996	DENV3_I
DENV3/NEW_CALEDONIA/4006/1995	DENV3_I
DENV3/NEW_CALEDONIA/4186/1995	DENV3_I
DENV3/NEW_CALEDONIA/0804492/1996	DENV3_I
DENV3/INDIA/NIV4482/1966	DENV3_III
DENV/INDIA/42/2015	DENV3_III
DENV3/INDIA/NIV4481/1966	DENV3_III
DENV3/INDIA/481/1966	DENV3_III
DENV3/SRI_LANKA/SRILANKA/1981	DENV3_III
DENV3/SAMOA/NA/1986	DENV3_III
DENV3/SRI_LANKA/SRILANKA/1985	DENV3_III
DENV3/SRI_LANKA/BIDV2407/1983	DENV3_III
DENV3/SRI_LANKA/BIDV2412/1989	DENV3_III
DENV3/SRI_LANKA/BIDV2410/1983	DENV3_III
DENV3/SRI_LANKA/BIDV2405/1983	DENV3_III
DENV3/SRI_LANKA/SRILANCDC073/1985	DENV3_III
DENV3/SRI_LANKA/BIDV2414/1985	DENV3_III
DENV3/INDIA/DIA/1984	DENV3_III
DENV3/SRI_LANKA/SRILAN1CDCSK06/1993	DENV3_III
DENV3/SRI_LANKA/BIDV2413/1993	DENV3_III
DENV3/AUSTRALIA/TOWNSVILLE/2007	DENV3_III
DENV3/SINGAPORE/0235/2007	DENV3_III
DENV3/SINGAPORE/26592/2013	DENV3_III
DENV3/SAUDI_ARABIA/JEDDAH/2014	DENV3_III
DENV3/SRI_LANKA/3050/2004	DENV3_III
DENV3/SRI_LANKA/3404/2006	DENV3_III
DENV3/SRI_LANKA/REFERENCE/2000	DENV3_III
DENV3/TAIWAN/628/1999	DENV3_III
DENV3/SRI_LANKA/SRILAN9912ATW/1999	DENV3_III
DENV3/SRI_LANKA/3055/2003	DENV3_III
DENV3/SRI_LANKA/BIDV2408/1994	DENV3_III
DENV3/SRI_LANKA/SK698/1990	DENV3_III
DENV3/SRI_LANKA/BIDV2411/1989	DENV3_III
DENV3/SRI_LANKA/SRILANKA/1991	DENV3_III
DENV3/SRI_LANKA/BIDV2404/1989	DENV3_III
DENV3/SRI_LANKA/SRILAN1/1997	DENV3_III
DENV3/SRI_LANKA/BIDV2409/1997	DENV3_III
DENV3/MOZAMBIQUE/NA/1985	DENV3_III
DENV3/MOZAMBIQUE/BIDV2418/1985	DENV3_III
DENV3/SAUDI_ARABIA/6910/1997	DENV3_III
DENV3/SAUDI_ARABIA/6732/1997	DENV3_III
DENV/INDIA/DEN516/2015	DENV3_III
DENV/INDIA/50/2015	DENV3_III
DENV/INDIA/38/2015	DENV3_III
DENV3/INDIA/GWL25/2008	DENV3_III
DENV3/INDIA/DEL72/2008	DENV3_III
DENV3/INDIA/ND143/2007	DENV3_III
DENV3/PAKISTAN/55709/2006	DENV3_III
DENV3/PAKISTAN/43298/2006	DENV3_III
DENV/INDIA/72/2015	DENV3_III
DENV3/INDIA/PAKISTAN55505/2007	DENV3_III
DENV3/PAKISTAN/52440/2006	DENV3_III
DENV3/PAKISTAN/56/2008	DENV3_III
DENV3/PAKISTAN/45251/2009	DENV3_III
DENV3/PAKISTAN/SWAT04B/2013	DENV3_III
DENV3/PAKISTAN/E55/2011	DENV3_III
DENV3/INDIA/RAJTHANDIABALOTRA87S/2013	DENV3_III
DENV3/INDIA/RAJTHANDIADMRCBALOTRA87/2013	DENV3_III
DENV3/INDIA/D58760/2005	DENV3_III
DENV3/INDIA/D59826/2005	DENV3_III
DENV3/SINGAPORE/095/2015	DENV3_III
DENV3/CAMBODIA/AC23/2011	DENV3_III
DENV3/CAMBODIA/V0907330/2011	DENV3_III
DENV3/FRANCE/ISLAND14448/2012	DENV3_III
DENV3/FRANCE/ISLAND14450/2012	DENV3_III
DENV3/FRANCE/ISLAND14449/2012	DENV3_III
DENV/INDIA/DEN643/2015	DENV3_III
DENV3/CHINA/GDZDVS30D/2013	DENV3_III
DENV3/CHINA/GDZDVS30B/2013	DENV3_III
DENV3/CHINA/GDZSDV30A/2013	DENV3_III
DENV3/YEMEN/MEN/2010	DENV3_III
DENV3/DJIBOUTI/IBOUTI14699/2012	DENV3_III
DENV3/DJIBOUTI/IBOUTI14091/2012	DENV3_III
DENV3/TANZANIA/08NIID/2010	DENV3_III
DENV3/MADAGASCAR/MADAGCAR557/2010	DENV3_III
DENV3/COMOROS/00373/2010	DENV3_III
DENV3/SENEGAL/3140/2009	DENV3_III
DENV3/TOGO/998/2009	DENV3_III
DENV3/CHINA/GZ1D3/2009	DENV3_III
DENV3/CHINA/GZ2D3/2009	DENV3_III
DENV3/CHINA/ZJYW/2009	DENV3_III
DENV3/COTE_D_IVOIRE/IVORYCOTSH426/2008	DENV3_III
DENV3/JAPAN/COTEDIVOIRENIID48/2008	DENV3_III
DENV3/COTE_D_IVOIRE/IVORYCOT00510/2008	DENV3_III
DENV3/JAPAN/BENINNIID74/2010	DENV3_III
DENV3/CHINA/17/2009	DENV3_III
DENV3/CHINA/27/2009	DENV3_III
DENV3/NICARAGUA/BIDV2420/1994	DENV3_III
DENV3/HONDURAS/179/1995	DENV3_III
DENV3/NICARAGUA/BIDV2419/1998	DENV3_III
DENV3/MEXICO/BIDV2985/2003	DENV3_III
DENV3/SPAIN/BIDV2984/2003	DENV3_III
DENV3/SPAIN/BIDV2978/2001	DENV3_III
DENV3/SPAIN/BIDV3400/2004	DENV3_III
DENV3/SPAIN/BIDV3393/2002	DENV3_III
DENV3/SPAIN/BIDV3398/2003	DENV3_III
DENV3/COLOMBIA/22379MEDELLIN/2004	DENV3_III
DENV3/COLOMBIA/15859BELLO/2002	DENV3_III
DENV3/COLOMBIA/16407MEDELLIN/2002	DENV3_III
DENV3/COLOMBIA/3419MEDELLIN/2007	DENV3_III
DENV3/COLOMBIA/5292MEDELLIN/2003	DENV3_III
DENV3/BELIZE/CAREC11479/1998	DENV3_III
DENV3/MARTINIQUE/IMTSSAMART1243/1999	DENV3_III
DENV3/PARAGUAY/10/2003	DENV3_III
DENV3/BRAZIL/PV1/2003	DENV3_III
DENV3/BRAZIL/255PE/2005	DENV3_III
DENV3/BRAZIL/206PE/2005	DENV3_III
DENV3/BRAZIL/161PE/2004	DENV3_III
DENV3/BRAZIL/AL95/2009	DENV3_III
DENV3/BRAZIL/145PE/2004	DENV3_III
DENV3/BRAZIL/RP1/2003	DENV3_III
DENV3/BRAZIL/277PE/2005	DENV3_III
DENV3/BRAZIL/101905PE/2003	DENV3_III
DENV3/CUBA/BA17/2002	DENV3_III
DENV3/PERU/BIDV7081/2009	DENV3_III
DENV3/PERU/BIDV7070/2008	DENV3_III
DENV3/PERU/BIDV7073/2008	DENV3_III
DENV3/COLOMBIA/4943BOLIVAR/2006	DENV3_III
DENV3/COLOMBIA/3832MEDELLIN/2006	DENV3_III
DENV3/COLOMBIA/3454MEDELLIN/2007	DENV3_III
DENV3/COLOMBIA/18206MEDELLIN/2005	DENV3_III
DENV3/COLOMBIA/11049MEDELLIN/2003	DENV3_III
DENV3/COLOMBIA/31233BELLO/2004	DENV3_III
DENV3/FRENCH_POLYNESIA/12029/2013	DENV3_III
DENV3/FRENCH_POLYNESIA/28052/2013	DENV3_III
DENV3/FRENCH_POLYNESIA/040171/2013	DENV3_III
DENV3/FRENCH_POLYNESIA/26048/2013	DENV3_III
DENV3/FRENCH_POLYNESIA/230/2013	DENV3_III
DENV3/NICARAGUA/BIDV4753/2009	DENV3_III
DENV3/NICARAGUA/BIDV7634/2011	DENV3_III
DENV3/NICARAGUA/BIDV3163/2008	DENV3_III
DENV3/NICARAGUA/BIDV3175/2008	DENV3_III
DENV3/NICARAGUA/BIDV5488/2010	DENV3_III
DENV3/DOMINICAN_REPUBLIC/BIDV5445/2009	DENV3_III
DENV3/DOMINICAN_REPUBLIC/BIDV5441/2009	DENV3_III
DENV3/COSTA_RICA/DB026/1995	DENV3_III
DENV3/NICARAGUA/BIDV7662/2011	DENV3_III
DENV3/NICARAGUA/BIDV5508/2010	DENV3_III
DENV3/NICARAGUA/BIDV4861/2009	DENV3_III
DENV3/NICARAGUA/BIDV5516/2010	DENV3_III
DENV3/SPAIN/BIDV5467/2010	DENV3_III
DENV3/SPAIN/BIDV5455/2009	DENV3_III
DENV3/SPAIN/BIDV5449/2009	DENV3_III
DENV3/SPAIN/BIDV5464/2009	DENV3_III
DENV3/SPAIN/BIDV5468/2010	DENV3_III
DENV1/THAILAND/0023/1981	DENV1_I
DENV1/THAILAND/0008/1981	DENV1_I
DENV1/THAILAND/0081/1982	DENV1_I
DENV1/THAILAND/0096/1981	DENV1_I
DENV1/CHINA/GZ/1980	DENV1_I
DENV1/THAILAND/16/1987	DENV1_I
DENV1/THAILAND/0128/1989	DENV1_I
DENV1/THAILAND/0001/1989	DENV1_I
DENV1/THAILAND/197/1990	DENV1_I
DENV1/THAILAND/0323/1991	DENV1_I
DENV1/THAILAND/KD035/1986	DENV1_I
DENV1/THAILAND/0153/1992	DENV1_I
DENV1/THAILAND/KD080/1992	DENV1_I
DENV1/THAILAND/KD157/1990	DENV1_I
DENV1/THAILAND/0336/1991	DENV1_I
DENV1/TAIWAN/832/1994	DENV1_I
DENV1/SAUDI_ARABIA/6583/2004	DENV1_I
DENV1/SOMALIA/DB119/2011	DENV1_I
DENV1/ERITREA/2522/2010	DENV1_I
DENV1/DJIBOUTI/IMTSSA606/1998	DENV1_I
DENV1/SAUDI_ARABIA/8496/2005	DENV1_I
DENV1/SAUDI_ARABIA/6633/2004	DENV1_I
DENV1/SAUDI_ARABIA/8778/2005	DENV1_I
DENV1/SAUDI_ARABIA/JEDDAH/2011	DENV1_I
DENV1/MALAYSIA/10245/1997	DENV1_IV
DENV1/MALAYSIA/3928/1995	DENV1_IV
DENV1/MALAYSIA/3891/1995	DENV1_IV
DENV1/MALAYSIA/7814/1996	DENV1_IV
DENV1/MALAYSIA/8064/1996	DENV1_IV
DENV1/MALAYSIA/7905/1996	DENV1_IV
DENV1/AUSTRALIA/TOWNSVILLE/2009	DENV1_IV
DENV1/INDONESIA/MKS0390/2007	DENV1_IV
DENV1/INDONESIA/MKS0483/2007	DENV1_IV
DENV1/SINGAPORE/60330/2011	DENV1_IV
DENV1/INDONESIA/901530/1998	DENV1_IV
DENV1/SINGAPORE/14158/2011	DENV1_IV
DENV1/CHINA/GZ5700/2007	DENV1_IV
DENV1/AUSTRALIA/MAREEBA/2003	DENV1_IV
DENV1/AUSTRALIA/S9671/2010	DENV1_IV
DENV1/INDONESIA/N012/2010	DENV1_IV
DENV1/CHINA/GZ/2002	DENV1_IV
DENV1/CHINA/GZ0203/1993	DENV1_IV
DENV1/CHINA/02GZ/1971	DENV1_IV
DENV1/CHINA/GD54/2003	DENV1_IV
DENV1/CHINA/GD66/2003	DENV1_IV
DENV1/NAURU/ISLANDWESTERNPACIFIC/1974	DENV1_IV
DENV1/NAURUISLAND/REFERENCE/1997	DENV1_IV
DENV1/NAURU/WESTERNPACIFICDELTA30/1974	DENV1_IV
DENV1/USA/WESTERNPACIFIC/2002	DENV1_IV
DENV1/CHINA/GD03/1991	DENV1_IV
DENV1/PALAU/NA/2000	DENV1_IV
DENV1/INDONESIA/MKS2029/2008	DENV1_IV
DENV1/INDONESIA/N015/2010	DENV1_IV
DENV1/INDONESIA/N013/2010	DENV1_IV
DENV1/INDONESIA/N023/2010	DENV1_IV
DENV1/INDONESIA/N005/2010	DENV1_IV
DENV1/PHILIPPINES/ILIPPINESNIID13/2016	DENV1_IV
DENV1/AMERICAN_SAMOA/WS190769/2001	DENV1_IV
DENV1/USA/HAWO3663/2001	DENV1_IV
DENV1/SOUTH_KOREA/DENKOR07/2006	DENV1_IV
DENV1/CHINA/SU1/2012	DENV1_IV
DENV1/SINGAPORE/CT3/2012	DENV1_IV
DENV1/SOUTH_KOREA/DENKOR10/2007	DENV1_IV
DENV/AUSTRALIA/TULLY/2015	DENV1_IV
DENV1/CHINA/ZJ08/2013	DENV1_IV
DENV1/INDONESIA/A/1988	DENV1_IV
DENV1/PAPUA_NEW_GUINEA/NA/2003	DENV1_IV
DENV/PAPUA_NEW_GUINEA/PNGA/2014	DENV1_IV
DENV/PAPUA_NEW_GUINEA/PNGB/2014	DENV1_IV
DENV/PAPUA_NEW_GUINEA/NA/2011	DENV1_IV
DENV1/SOLOMON_ISLANDS/070119/2002	DENV1_IV
DENV1/SOLOMON_ISLANDS/SOLOMONISLANDS/2002	DENV1_IV
DENV1/FIJI/NA/2002	DENV1_IV
DENV1/MARSHALL_ISLANDS/RMIDB107/2003	DENV1_IV
DENV1/MICRONESIA/27/2004	DENV1_IV
DENV1/MICRONESIA/YAPNIID27/2004	DENV1_IV
DENV1/CHINA/GD/1995	DENV1_IV
DENV1/CHINA/GZ01/1995	DENV1_IV
DENV1/SEYCHELLES/1488/2004	DENV1_IV
DENV1/SEYCHELLES/1480/2004	DENV1_IV
DENV1/FRANCE/185/2004	DENV1_IV
DENV1/SEYCHELLES/NIID41/2003	DENV1_IV
DENV1/MADAGASCAR/MADAGCAR02ATW/2006	DENV1_IV
DENV1/FRANCE/281/2004	DENV1_IV
DENV1/INDONESIA/901518/1998	DENV1_IV
DENV1/CHILE/CHI3336/2002	DENV1_IV
DENV1/USA/HAWO3758/2001	DENV1_IV
DENV1/NEW_CALEDONIA/270515/2001	DENV1_IV
DENV1/FRENCH_POLYNESIA/BIDV2939/2001	DENV1_IV
DENV1/USA/HAWM3430/2001	DENV1_IV
DENV1/FRENCH_POLYNESIA/HAWM2516/2001	DENV1_IV
DENV1/COOK_ISLANDS/COOKISLANDS/2002	DENV1_IV
DENV1/FRENCH_POLYNESIA/FP0705/2007	DENV1_IV
DENV1/FRENCH_POLYNESIA/FP0908/2007	DENV1_IV
DENV1/FRENCH_POLYNESIA/FP1104/2007	DENV1_IV
DENV1/NEW_CALEDONIA/030585/2002	DENV1_IV
DENV1/NEW_CALEDONIA/09041/2004	DENV1_IV
DENV1/NEW_CALEDONIA/0501477/2004	DENV1_IV
DENV1/NEW_CALEDONIA/0301994/2004	DENV1_IV
DENV1/NEW_CALEDONIA/250716/2002	DENV1_IV
DENV1/NEW_CALEDONIA/010739/2002	DENV1_IV
DENV1/NEW_CALEDONIA/0504992/2003	DENV1_IV
DENV1/NEW_CALEDONIA/01117/2002	DENV1_IV
DENV1/NEW_CALEDONIA/1188/2002	DENV1_IV
DENV1/NEW_CALEDONIA/060354/2003	DENV1_IV
DENV1/NEW_CALEDONIA/100390/2003	DENV1_IV
DENV1/NEW_CALEDONIA/00918/2003	DENV1_IV
DENV1/NEW_CALEDONIA/2103753/2003	DENV1_IV
DENV1/NEW_CALEDONIA/1807687/2003	DENV1_IV
DENV1/NEW_CALEDONIA/0207773/2003	DENV1_IV
DENV1/NEW_CALEDONIA/160395/2004	DENV1_IV
DENV1/NEW_CALEDONIA/010559/2004	DENV1_IV
DENV1/FRENCH_POLYNESIA/060125/2007	DENV1_IV
DENV1/FRENCH_POLYNESIA/0164/2007	DENV1_IV
DENV1/FRENCH_POLYNESIA/31018/2008	DENV1_IV
DENV1/FRENCH_POLYNESIA/230174/2008	DENV1_IV
DENV1/FRENCH_POLYNESIA/11029/2008	DENV1_IV
DENV1/FRENCH_POLYNESIA/28097/2008	DENV1_IV
DENV1/FRENCH_POLYNESIA/070133/2008	DENV1_IV
DENV1/FRENCH_POLYNESIA/23/2008	DENV1_IV
DENV1/FRENCH_POLYNESIA/060164/2009	DENV1_IV
DENV1/FRENCH_POLYNESIA/160120/2009	DENV1_IV
DENV1/FRENCH_POLYNESIA/076/2009	DENV1_IV
DENV1/FRENCH_POLYNESIA/0192/2007	DENV1_IV
DENV1/FRENCH_POLYNESIA/183/2007	DENV1_IV
DENV1/FRENCH_POLYNESIA/310176/2008	DENV1_IV
DENV1/FRENCH_POLYNESIA/270207/2008	DENV1_IV
DENV1/FRENCH_POLYNESIA/070138/2008	DENV1_IV
DENV1/FRENCH_POLYNESIA/14008/2007	DENV1_IV
DENV1/FRENCH_POLYNESIA/59/2007	DENV1_IV
DENV1/FRENCH_POLYNESIA/01092/2008	DENV1_IV
DENV1/FRENCH_POLYNESIA/110/2007	DENV1_IV
DENV1/FRENCH_POLYNESIA/101/2007	DENV1_IV
DENV1/FRENCH_POLYNESIA/220181/2008	DENV1_IV
DENV1/FRENCH_POLYNESIA/250193/2008	DENV1_IV
DENV1/FRENCH_POLYNESIA/10019/2008	DENV1_IV
DENV1/FRENCH_POLYNESIA/074/2008	DENV1_IV
DENV1/FRENCH_POLYNESIA/18001/2008	DENV1_IV
DENV1/FRENCH_POLYNESIA/06062/2007	DENV1_IV
DENV1/FRENCH_POLYNESIA/13028/2007	DENV1_IV
DENV1/FRENCH_POLYNESIA/040152/2007	DENV1_IV
DENV1/FRENCH_POLYNESIA/200157/2007	DENV1_IV
DENV1/FRENCH_POLYNESIA/240159/2007	DENV1_IV
DENV1/FRENCH_POLYNESIA/03052/2007	DENV1_IV
DENV1/FRENCH_POLYNESIA/04034/2007	DENV1_IV
DENV1/FRENCH_POLYNESIA/21066/2007	DENV1_IV
DENV1/FRENCH_POLYNESIA/001/2007	DENV1_IV
DENV1/FRENCH_POLYNESIA/64/2007	DENV1_IV
DENV1/FRENCH_POLYNESIA/200249/2007	DENV1_IV
DENV1/FRENCH_POLYNESIA/120113/2007	DENV1_IV
DENV1/COOK_ISLANDS/COOKISLANDS/2006	DENV1_IV
DENV1/FIJI/A/2006	DENV1_IV
DENV1/FIJI/B/2006	DENV1_IV
DENV1/FRENCH_POLYNESIA/230201/2007	DENV1_IV
DENV1/FRENCH_POLYNESIA/290109/2007	DENV1_IV
DENV1/FRENCH_POLYNESIA/090/2007	DENV1_IV
DENV1/FRENCH_POLYNESIA/04037/2007	DENV1_IV
DENV1/FRENCH_POLYNESIA/13076/2008	DENV1_IV
DENV1/FRENCH_POLYNESIA/02030/2008	DENV1_IV
DENV1/FRENCH_POLYNESIA/260153/2008	DENV1_IV
DENV1/FRENCH_POLYNESIA/110160/2008	DENV1_IV
DENV1/FRENCH_POLYNESIA/38/2008	DENV1_IV
DENV1/FRENCH_POLYNESIA/0186/2008	DENV1_IV
DENV1/FRENCH_POLYNESIA/12048/2009	DENV1_IV
DENV1/FRENCH_POLYNESIA/180138/2009	DENV1_IV
DENV1/FRENCH_POLYNESIA/060120/2009	DENV1_IV
DENV1/FRENCH_POLYNESIA/25064/2007	DENV1_IV
DENV1/FRENCH_POLYNESIA/040123/2007	DENV1_IV
DENV1/FRENCH_POLYNESIA/13039/2007	DENV1_IV
DENV1/FRENCH_POLYNESIA/221/2007	DENV1_IV
DENV1/FRENCH_POLYNESIA/270110/2007	DENV1_IV
DENV1/FRENCH_POLYNESIA/08092/2007	DENV1_IV
DENV1/NEW_CALEDONIA/180286/2007	DENV1_IV
DENV1/TONGA/NGA/2008	DENV1_IV
DENV1/NEW_CALEDONIA/030418/2007	DENV1_IV
DENV1/NEW_CALEDONIA/04575/2008	DENV1_IV
DENV1/NEW_CALEDONIA/1302229/2009	DENV1_IV
DENV1/NEW_CALEDONIA/14014415/2009	DENV1_IV
DENV1/NEW_CALEDONIA/110284/2008	DENV1_IV
DENV1/NEW_CALEDONIA/250468/2008	DENV1_IV
DENV1/NEW_CALEDONIA/1403629/2008	DENV1_IV
DENV1/NEW_CALEDONIA/04048/2008	DENV1_IV
DENV1/NEW_CALEDONIA/27014311/2009	DENV1_IV
DENV1/NEW_CALEDONIA/5142/2008	DENV1_IV
DENV1/NEW_CALEDONIA/240772/2009	DENV1_IV
DENV1/NEW_CALEDONIA/30013639/2009	DENV1_IV
DENV1/NEW_CALEDONIA/2503584/2009	DENV1_IV
DENV1/VANUATU/180358/2010	DENV1_IV
DENV1/NEW_CALEDONIA/230627/2010	DENV1_IV
DENV1/NEW_CALEDONIA/190759/2010	DENV1_IV
DENV1/NEW_CALEDONIA/290652/2010	DENV1_IV
DENV1/NEW_CALEDONIA/190764/2010	DENV1_IV
DENV1/NEW_CALEDONIA/030841/2010	DENV1_IV
DENV1/NEW_CALEDONIA/070960/2010	DENV1_IV
DENV1/NEW_CALEDONIA/200777/2010	DENV1_IV
DENV1/NEW_CALEDONIA/0801138/2010	DENV1_IV
DENV1/NEW_CALEDONIA/15096/2010	DENV1_IV
DENV1/FIJI/B/2011	DENV1_IV
DENV1/FIJI/B/2012	DENV1_IV
DENV1/NIUE/B/2012	DENV1_IV
DENV1/NIUE/A/2012	DENV1_IV
DENV1/NEW_CALEDONIA/230873/2012	DENV1_IV
DENV1/NEW_CALEDONIA/170262/2012	DENV1_IV
DENV1/NEW_CALEDONIA/270911/2012	DENV1_IV
DENV1/NEW_CALEDONIA/270920/2012	DENV1_IV
DENV1/NEW_CALEDONIA/0489/2012	DENV1_IV
DENV1/THAILAND/AI6147/1960	DENV1_II
DENV1/THAILAND/6147/1960	DENV1_II
DENV1/THAILAND/16007/1964	DENV1_II
DENV1/THAILAND/16007PDK13/1989	DENV1_II
DENV1/INDIA/D5393/1971	DENV1_V
DENV1/INDIA/3180/1970	DENV1_V
DENV1/COTE_D_IVOIRE/AF298807/1998	DENV1_V
DENV1/ANGOLA/NA/2013	DENV1_V
DENV1/CHINA/ZJYW01/2013	DENV1_V
DENV1/ANGOLA/DB135/2013	DENV1_V
DENV1/ANGOLA/DB136/2013	DENV1_V
DENV1/ANGOLA/DB133/2013	DENV1_V
DENV1/MYANMAR/40568/1976	DENV1_V
DENV1/MYANMAR/40553/1971	DENV1_V
DENV1/THAILAND/0673/1980	DENV1_V
DENV1/THAILAND/0442/1980	DENV1_V
DENV1/INDIA/6883/1982	DENV1_V
DENV1/INDIA/D6883/1982	DENV1_V
DENV1/INDIA/UOH3083/2014	DENV1_V
DENV1/SOUTH_KOREA/DENKOR08/2006	DENV1_V
DENV1/SOUTH_KOREA/DENKOR01/2004	DENV1_V
DENV1/COMOROS/04329/1993	DENV1_V
DENV1/SINGAPORE/8114/1993	DENV1_V
DENV1/INDIA/D55290/2005	DENV1_V
DENV1/SINGAPORE/09106/2011	DENV1_V
DENV1/INDIA/RGCB419/2008	DENV1_V
DENV1/INDIA/RGCB592/2009	DENV1_V
DENV1/INDIA/RGCB585/2009	DENV1_V
DENV1/INDIA/EAIIMSDELHI1117/2010	DENV1_V
DENV1/INDIA/RR107/2011	DENV1_V
DENV1/INDIA/RR121/2010	DENV1_V
DENV1/INDIA/MANATHAVADYMCVR5844/2015	DENV1_V
DENV1/INDIA/MANATHAVADYMCVR5238/2015	DENV1_V
DENV1/INDIA/D011/2010	DENV1_V
DENV1/CHINA/RL20/2013	DENV1_V
DENV1/INDIA/AP12251/2015	DENV1_V
DENV1/INDIA/AP12243/2015	DENV1_V
DENV1/SINGAPORE/0091/2009	DENV1_V
DENV1/SINGAPORE/15834/2011	DENV1_V
DENV1/SINGAPORE/21121/2011	DENV1_V
DENV1/SINGAPORE/50244/2011	DENV1_V
DENV1/SINGAPORE/15245/2012	DENV1_V
DENV1/INDIA/DIA/2008	DENV1_V
DENV1/CHINA/GZ9236/2009	DENV1_V
DENV1/CHINA/GZ9104/2009	DENV1_V
DENV1/BANGLADESH/H8/2009	DENV1_V
DENV1/SINGAPORE/03329/2015	DENV1_V
DENV1/CHINA/GZ89SYUEXIU2014DEV1/2015	DENV1_V
DENV1/CHINA/WW/2014	DENV1_V
DENV/CHINA/09/2014	DENV1_V
DENV1/MALAYSIA/NIID64/2014	DENV1_V
DENV1/MALAYSIA/TM242/2014	DENV1_V
DENV1/BHUTAN/P13153/2013	DENV1_V
DENV1/SINGAPORE/19944/2013	DENV1_V
DENV1/CHINA/HF16001AH/2016	DENV1_V
DENV1/INDONESIA/NIID75/2014	DENV1_V
DENV1/INDIA/P23086/1956	DENV1_V
DENV1/INDIA/237/1962	DENV1_V
DENV1/INDIA/288/1963	DENV1_V
DENV1/INDIA/494/1963	DENV1_V
DENV1/INDIA/RGCB294/2007	DENV1_V
DENV1/FRANCE/191/2004	DENV1_V
DENV/BRAZIL/SJRP531/2012	DENV1_V
DENV1/ARGENTINA/HNRG27213/2010	DENV1_V
DENV1/ARGENTINA/HNRG24827/2010	DENV1_V
DENV1/BRAZIL/SJRP1107/2013	DENV1_V
DENV1/BRAZIL/SJRP778/2013	DENV1_V
DENV1/BRAZIL/SJRP807/2013	DENV1_V
DENV/BRAZIL/SJRP/2009	DENV1_V
DENV1/BRAZIL/SJRP509/2012	DENV1_V
DENV/BRAZIL/SJRP552/2012	DENV1_V
DENV1/BRAZIL/SJRP17/2010	DENV1_V
DENV1/BRAZIL/SJRP484/2012	DENV1_V
DENV1/BRAZIL/8246/2014	DENV1_V
DENV1/BRAZIL/SJRP709/2013	DENV1_V
DENV1/BRAZIL/SJRP2271/2014	DENV1_V
DENV/BRAZIL/SJRP2271/2014	DENV1_V
DENV1/ARGENTINA/116603/2016	DENV1_V
DENV1/ARGENTINA/115962/2016	DENV1_V
DENV1/ARGENTINA/115614/2016	DENV1_V
DENV1/PUERTO_RICO/BIDV2133/1993	DENV1_V
DENV1/PUERTO_RICO/BIDV1744/1995	DENV1_V
DENV1/USA/PUERTORICO/1994	DENV1_V
DENV1/PUERTO_RICO/BIDV2143/1987	DENV1_V
DENV1/PUERTO_RICO/BIDV2134/1993	DENV1_V
DENV1/PUERTO_RICO/BIDV2095/1994	DENV1_V
DENV1/PUERTO_RICO/BIDV2137/1992	DENV1_V
DENV1/PUERTO_RICO/BIDV2093/1998	DENV1_V
DENV1/PUERTO_RICO/BIDV853/1998	DENV1_V
DENV1/PUERTO_RICO/BIDV2131/1996	DENV1_V
DENV1/PUERTO_RICO/BIDV2140/1996	DENV1_V
DENV1/PUERTO_RICO/BIDV2142/1987	DENV1_V
DENV1/GRENADA/CAREC8140/1977	DENV1_V
DENV1/SURINAME/CAREC7838/1981	DENV1_V
DENV1/GRENADA/CAREC0174/1978	DENV1_V
DENV1/GRENADA/CAREC0184/1978	DENV1_V
DENV1/EL_SALVADOR/BIDV2938/1993	DENV1_V
DENV1/PUERTO_RICO/BIDV2139/1996	DENV1_V
DENV1/PUERTO_RICO/BIDV2135/1992	DENV1_V
DENV1/PUERTO_RICO/BIDV2097/1986	DENV1_V
DENV1/PUERTO_RICO/BIDV2136/1992	DENV1_V
DENV1/PUERTO_RICO/BIDV1743/1995	DENV1_V
DENV1/PUERTO_RICO/BIDV2096/1993	DENV1_V
DENV1/FRENCH_GUIANA/FGAP6/2006	DENV1_V
DENV1/BRAZIL/FGAD/1990	DENV1_V
DENV1/FRENCH_GUIANA/FGA/1989	DENV1_V
DENV1/PERU/IQT6152/2000	DENV1_V
DENV1/BRAZIL/MOSQ/1986	DENV1_V
DENV1/BRAZIL/38159RJ/1989	DENV1_V
DENV1/BRAZIL/NA/1990	DENV1_V
DENV1/BRAZIL/36034RJ/1988	DENV1_V
DENV1/BRAZIL/01B01021093/2008	DENV1_V
DENV1/BRAZIL/41111PE/1997	DENV1_V
DENV1/BRAZIL/BEH527543/1994	DENV1_V
DENV1/BRAZIL/52082PE/1998	DENV1_V
DENV1/BRAZIL/88463PE/2002	DENV1_V
DENV1/BRAZIL/59049PE/1999	DENV1_V
DENV1/BRAZIL/233/1997	DENV1_V
DENV1/BRAZIL/SB05780502/2001	DENV1_V
DENV1/BRAZIL/MR/2001	DENV1_V
DENV1/BRAZIL/74488PE/2001	DENV1_V
DENV1/BRAZIL/70523PE/2000	DENV1_V
DENV1/BRAZIL/40604PE/1997	DENV1_V
DENV1/BRAZIL/21814PE/1996	DENV1_V
DENV1/COSTA_RICA/DM12/2013	DENV1_V
DENV1/NICARAGUA/BIDV7672/2011	DENV1_V
DENV1/VENEZUELA/610/2006	DENV1_V
DENV1/VENEZUELA/61081/2007	DENV1_V
DENV1/VENEZUELA/OBT1298/2000	DENV1_V
DENV1/USA/DB168/2014	DENV1_V
DENV1/USA/DB169/2014	DENV1_V
DENV1/USA/DB166/2014	DENV1_V
DENV1/NICARAGUA/BIDV1070/2005	DENV1_V
DENV1/NICARAGUA/BIDV2642/2004	DENV1_V
DENV1/NICARAGUA/BIDV664/2004	DENV1_V
DENV1/NICARAGUA/BIDV617/2004	DENV1_V
DENV1/USA/KW10AG/2010	DENV1_V
DENV1/USA/BOLKW0/2010	DENV1_V
DENV1/CHINA/ZJ01/2013	DENV1_V
DENV1/NICARAGUA/BIDV7684/2012	DENV1_V
DENV1/NICARAGUA/BIDV7685/2012	DENV1_V
DENV1/NICARAGUA/BIDV7686/2012	DENV1_V
DENV1/NICARAGUA/5353/2014	DENV1_V
DENV1/COSTA_RICA/DE90/2014	DENV1_V
DENV1/COSTA_RICA/DE49/2013	DENV1_V
DENV1/COSTA_RICA/DE70/2013	DENV1_V
DENV1/MEXICO/G7/2010	DENV1_V
DENV1/MEXICO/C7/2010	DENV1_V
DENV1/MEXICO/H11/2010	DENV1_V
DENV1/MEXICO/C16/2010	DENV1_V
DENV1/MEXICO/C13/2010	DENV1_V
DENV1/MEXICO/B5/2010	DENV1_V
DENV1/MEXICO/F/2010	DENV1_V
DENV1/MEXICO/B13/2010	DENV1_V
DENV1/MEXICO/C8/2010	DENV1_V
DENV1/MEXICO/H17/2010	DENV1_V
DENV1/MEXICO/1/2010	DENV1_V
DENV1/MEXICO/A5/2010	DENV1_V
DENV1/MEXICO/I15/2010	DENV1_V
DENV1/MEXICO/A7/2010	DENV1_V
DENV1/VENEZUELA/BIDV2171/1999	DENV1_V
DENV1/SPAIN/BIDV3377/1998	DENV1_V
DENV1/SPAIN/BIDV3376/1998	DENV1_V
DENV1/SPAIN/BIDV3379/2001	DENV1_V
DENV1/SPAIN/BIDV3387/2007	DENV1_V
DENV1/SPAIN/BIDV3388/2007	DENV1_V
DENV1/SPAIN/BIDV3391/2008	DENV1_V
DENV1/ARGENTINA/HNRG37945/2010	DENV1_V
DENV1/VENEZUELA/61084/2007	DENV1_V
DENV1/SPAIN/BIDV3380/2005	DENV1_V
DENV1/VENEZUELA/61068/2006	DENV1_V
DENV1/SPAIN/BIDV3378/1999	DENV1_V
DENV1/ARGENTINA/HNRG28425/2010	DENV1_V
DENV1/USA/ARC31/2010	DENV1_V
DENV1/PUERTO_RICO/BIDV7705/2012	DENV1_V
DENV1/USA/MARTINFLA/2013	DENV1_V
DENV1/MARTINIQUE/481013035/2008	DENV1_V
DENV1/MARTINIQUE/480513060/2008	DENV1_V
DENV1/PUERTO_RICO/BIDV852/2006	DENV1_V
DENV1/JAMAICA/17388/2012	DENV1_V
DENV1/HAITI/1207/2014	DENV1_V
DENV1/USA/ARC30/2010	DENV1_V
DENV1/PUERTO_RICO/BIDV8185/2010	DENV1_V
DENV1/PUERTO_RICO/BIDV8183/2010	DENV1_V
DENV1/PUERTO_RICO/BIDV8181/2010	DENV1_V
DENV1/PUERTO_RICO/BIDV7706/2012	DENV1_V
DENV1/USA/NYS31368/2013	DENV1_V
DENV1/ARGENTINA/HNRG14635/2009	DENV1_V
DENV1/ARGENTINA/HNRG13405/2009	DENV1_V
DENV1/ARGENTINA/HNRG12560/2009	DENV1_V
DENV1/ARGENTINA/HNRG12589/2009	DENV1_V
DENV1/ARGENTINA/HNRG28226/2010	DENV1_V
DENV1/ARGENTINA/HNRG25001/2010	DENV1_V
DENV1/ARGENTINA/HNRG12188/2009	DENV1_V
DENV1/BRAZIL/SJRP354/2011	DENV1_V
DENV1/BRAZIL/SJRP395/2011	DENV1_V
DENV1/BRAZIL/SJRP287/2011	DENV1_V
DENV/BRAZIL/SJRP442/2011	DENV1_V
DENV/BRAZIL/SJRP437/2011	DENV1_V
DENV1/ARGENTINA/HNRG14076/2009	DENV1_V
DENV1/ARGENTINA/HNRG15417/2009	DENV1_V
DENV1/ARGENTINA/HNRG27486/2010	DENV1_V
DENV1/ARGENTINA/HNRG12447/2009	DENV1_V
DENV1/BRAZIL/12898PE/2010	DENV1_V
DENV1/BRAZIL/14985PE/2010	DENV1_V
DENV1/ARGENTINA/HNRG13708/2009	DENV1_V
DENV1/ARGENTINA/HNRG13154/2009	DENV1_V
DENV1/BOLIVIA/FSB3363/2010	DENV1_V
DENV1/CHINA/AQZK01AH/2016	DENV1_V
DENV/BRAZIL/SJRP422/2011	DENV1_V
DENV/BRAZIL/SJRP395/2011	DENV1_V
DENV/BRAZIL/SJRP430/2011	DENV1_V
DENV4/MYANMAR/81087/2008	DENV4_I
DENV4/PUERTO_RICO/BIDV2446/1999	DENV4_II
DENV4/PUERTO_RICO/347751/1998	DENV4_II
DENV2/GUYANA/08221/2000	DENV2_ASIANAMERICAN
DENV3/PUERTO_RICO/429965/2006	DENV3_III
DENV3/MYANMAR/80931/2008	DENV3_II
DENV1/VIETNAM/BIDV1937/2008	DENV1_I
DENV1/MYANMAR/61117/2005	DENV1_I
DENV1/CAMBODIA/BIDV1991/2003	DENV1_I
DENV1/CAMBODIA/BIDV1995/2003	DENV1_I
